_time,method,status,id
2025-03-12T12:16:20Z,POST,301,f0837612-1f51-4a1e-b65d-305e0f7ffe06
2025-03-12T12:16:20Z,PUT,200,5a184de1-181f-4005-ad6d-fdd27b043860
2025-03-12T12:16:20Z,POST,201,9bd7996f-02da-4024-b083-0be7b8cebc5d
2025-03-12T12:16:20Z,DELETE,201,a43c2532-9d88-4965-b50f-94a74a20aedf
2025-03-12T12:16:20Z,GET,201,883d55c0-bd78-4556-8c0d-7f3df803869e
2025-03-12T12:16:20Z,DELETE,201,fdef5e95-7ab9-4f07-8b48-609c26836c3f
2025-03-12T12:16:20Z,GET,301,98914c15-a780-41be-be1d-f6841b8f5f12
2025-03-12T12:16:20Z,GET,500,9e1da3ae-7808-42bf-8d83-02c9d8b76e7a
2025-03-12T12:16:20Z,GET,200,514c8ead-a128-49ac-ab73-bc5d96f6525f
2025-03-12T12:16:20Z,GET,201,dc9db336-07d3-4d91-9c34-5ffc3148de73
2025-03-12T12:16:20Z,PUT,200,87abcdd6-ac44-4a04-a985-296db97cefc4
2025-03-12T12:16:20Z,GET,200,740fdf71-5062-412f-9002-4ab4ee9029a0
2025-03-12T12:16:20Z,GET,201,d73589e4-02b4-4446-a80d-1b286ace67b9
2025-03-12T12:16:20Z,GET,201,ea5ceca5-66c0-4c0a-9693-cc81d9914625
2025-03-12T12:16:20Z,POST,201,92a943e2-31c3-4eb7-8683-05a2128cf72d
2025-03-12T12:16:20Z,GET,200,f70d5e05-eadd-4011-83ef-f2153723408b
2025-03-12T12:16:20Z,GET,200,b90ca470-b73a-4396-a1aa-d9a47c8228dc
2025-03-12T12:16:20Z,PUT,200,04e1e737-0d69-43f2-8d33-bb97c441a2bc
2025-03-12T12:16:20Z,POST,201,7791edb4-bbcd-4aed-acd7-10753ceadcd5
2025-03-12T12:16:20Z,PUT,200,faf72dca-ff43-42b3-adac-3b5927af7dbb
2025-03-12T12:16:20Z,POST,200,0ad7ef05-9ff6-41cd-bb8d-843178fdbd71
2025-03-12T12:16:20Z,PUT,200,c19a231c-b47a-4b15-8472-cf47086e3b9c
2025-03-12T12:16:20Z,GET,201,4ff17766-cadf-4ab3-9956-6e9b4f3211ec
2025-03-12T12:16:20Z,PUT,200,a030fca2-8e51-4693-9859-0a700484b20f
2025-03-12T12:16:20Z,GET,201,5b7fd78b-c5f4-4bdf-a1b5-7fffdbcf952f
2025-03-12T12:16:20Z,POST,200,17a03d95-c889-449b-9e7e-e079d0698265
2025-03-12T12:16:20Z,GET,301,9cab9e9a-fc76-4918-ac6c-70da1c835576
2025-03-12T12:16:20Z,GET,201,7b734917-c764-45e2-850e-973f739b8fc0
2025-03-12T12:16:20Z,GET,200,e067c836-c8c0-4b87-8712-5767215a7555
2025-03-12T12:16:20Z,PUT,201,603ab118-96a2-4c28-ab72-4883e7f7b83a
2025-03-12T12:16:20Z,GET,200,24685818-233a-49ab-8520-7b3a7eceab15
2025-03-12T12:16:20Z,PUT,201,716f420f-65b1-49a0-99ee-6cbc2b2e8c2b
2025-03-12T12:16:20Z,GET,200,012a18bc-3756-48ef-9e98-4079a8da46fa
2025-03-12T12:16:20Z,PUT,200,e77e1a1b-ba48-40b8-b329-2afe3767deed
2025-03-12T12:16:20Z,POST,200,6cf6128b-9357-4e51-acf3-1e20a4666fcb
2025-03-12T12:16:20Z,GET,301,555f05fd-62a2-42da-a388-d9b621cea51c
2025-03-12T12:16:20Z,POST,201,20387cde-f08f-4ca5-b7fd-84f59904e02d
2025-03-12T12:16:20Z,POST,200,ce7cba36-3b95-4f02-b8f0-4586b2567a10
2025-03-12T12:16:20Z,GET,200,1a170f53-dc18-4f39-955f-959aefbdd06a
2025-03-12T12:16:20Z,PUT,201,e704470b-5b46-4d39-b65f-41a1c4f8e9a8
2025-03-12T12:16:20Z,GET,200,144972d8-3d96-411d-a72d-1c955b6416c2
2025-03-12T12:16:20Z,POST,200,bfe3cf4d-1427-4d00-8bce-4ac9a20bbece
2025-03-12T12:16:20Z,POST,201,31b18227-9511-4fa6-ac7e-2a1561b41baa
2025-03-12T12:16:20Z,GET,201,fce53045-2faa-492d-8747-bef42a80ffe0
2025-03-12T12:16:20Z,GET,200,70b14749-5660-4ee5-b7ba-7ce7c7ac8079
2025-03-12T12:16:20Z,GET,200,c08e3204-2040-44ec-834a-c6e992f72e6d
2025-03-12T12:16:20Z,GET,301,2d4e3ff2-b69d-406d-9cf0-b510ec51d33c
2025-03-12T12:16:20Z,PUT,201,f0d5e0dd-5d9a-4fad-a47c-ab89b8fb6d6b
2025-03-12T12:16:20Z,PUT,500,4ef0bdf1-facd-402d-8f09-68b5a5d83785
2025-03-12T12:16:20Z,GET,200,374d63b7-0b72-4822-abbf-5dc38e3d8339
2025-03-12T12:16:20Z,GET,200,539612e1-aed7-4978-84bc-298043544ce3
2025-03-12T12:16:20Z,GET,201,fe36eb63-a73a-41bd-a359-76d7999a9afa
2025-03-12T12:16:20Z,GET,200,e4c90ffb-e1c9-4bc5-84d2-edd61eca4a63
2025-03-12T12:16:20Z,PUT,301,d4e2ab7e-41c5-4e42-964e-7d7ec1cfe907
2025-03-12T12:16:20Z,PUT,200,63c2a8a0-c621-4109-8094-1b507697068c
2025-03-12T12:16:20Z,POST,200,a20782c2-edb8-46e1-a93f-d711f1547d6a
2025-03-12T12:16:20Z,GET,201,e25ca6fc-87a3-490d-8f19-7542a7f7b0aa
2025-03-12T12:16:20Z,PUT,200,86e501a0-fe46-426c-9a26-e45983fe4522
2025-03-12T12:16:20Z,GET,200,b3c4a7e5-c5f3-4379-82c0-94393c8dd550
2025-03-12T12:16:20Z,POST,200,f3c79fc4-f8bf-412a-8433-e27b0703b425
2025-03-12T12:16:20Z,GET,201,dc0e037f-ee90-4525-91c0-28abb6e884d0
2025-03-12T12:16:20Z,GET,201,96777904-a9d6-459d-9bab-42544ea95777
2025-03-12T12:16:20Z,PUT,301,8f733868-3a8e-4864-8477-265483d0486e
2025-03-12T12:16:20Z,PUT,200,cfe555d5-e9c3-47bf-8d1d-961eccb76abc
2025-03-12T12:16:20Z,POST,200,faea2349-0aca-4cf7-b0ee-8c96fe9f3043
2025-03-12T12:16:20Z,GET,200,fcd24c4c-3456-42bf-b3c1-48c99f2a7caf
2025-03-12T12:16:20Z,GET,200,ce47a2a8-ec63-4a75-b486-629c53f8c1a2
2025-03-12T12:16:20Z,GET,200,f2621471-85a1-4622-a1a5-c8671dc5d682
2025-03-12T12:16:20Z,GET,500,ad9bf528-99d4-49c9-b02f-4697944c6cb5
2025-03-12T12:16:20Z,POST,200,fdb3105a-8ff6-4fac-b9c7-312849afff51
2025-03-12T12:16:20Z,PUT,200,4dbed4c9-9432-4285-ae7a-04dfd15eb519
2025-03-12T12:16:20Z,POST,500,4cce908f-32a0-44c6-821e-b5314123a8a2
2025-03-12T12:16:20Z,GET,200,4d42dbdc-fb00-4761-800f-1fc5ef19dc77
2025-03-12T12:16:20Z,POST,200,aba6c8d3-313a-47d5-8541-48ba843f248f
2025-03-12T12:16:20Z,POST,500,9601eeaa-bdae-4f43-a64c-acfbafe98c03
2025-03-12T12:16:20Z,GET,301,f6cde8cf-ee7c-4da2-b971-10987cbca0ac
2025-03-12T12:16:20Z,GET,201,a2a336dd-166f-4370-b2ef-6562f610bcd2
2025-03-12T12:16:20Z,GET,200,2831aa23-9dfd-4f33-b6a0-35cff54158e9
2025-03-12T12:16:20Z,GET,201,2311087f-00de-45f2-8414-4998ac70f3fb
2025-03-12T12:16:20Z,POST,200,86d23afb-bb3e-4f5b-8c03-d8b7af4780a8
2025-03-12T12:16:20Z,PUT,201,a3e692da-20dd-4075-9192-35654e0e2722
2025-03-12T12:16:20Z,DELETE,200,8d3c503a-2a71-48ff-bf64-b6a2cec5cc38
2025-03-12T12:16:20Z,POST,500,58c635c6-2ca1-4bca-ba5f-08132c10a0a6
2025-03-12T12:16:20Z,GET,200,4ac591ec-4e34-43b6-b077-99f35a105ce3
2025-03-12T12:16:20Z,POST,201,3d4628ad-c364-422c-9bb4-bcad624bb1d4
2025-03-12T12:16:20Z,GET,200,13e64313-9258-49dd-97ce-0e567e99d007
2025-03-12T12:16:20Z,POST,301,3aa9e3b3-22e2-4c1b-80b0-aad249aa8070
2025-03-12T12:16:20Z,POST,201,3710eccb-759b-4ce0-b831-4207719a8694
2025-03-12T12:16:20Z,POST,301,f37d09dd-f565-4fb5-81e3-5d5a61531353
2025-03-12T12:16:20Z,POST,200,f0b7e766-6da2-45c2-a361-b081aa6af76f
2025-03-12T12:16:20Z,GET,201,434ef554-c0c1-4fb0-a316-3196d5ebb316
2025-03-12T12:16:20Z,GET,200,d9200e1e-5934-49e5-8baf-ca9ac8070f8b
2025-03-12T12:16:20Z,GET,201,f4c78493-7155-4a67-9814-637a3192ee4c
2025-03-12T12:16:20Z,PUT,201,7da4ca6a-37ea-47e1-b7d2-32496addd5cd
2025-03-12T12:16:20Z,POST,201,1a9f1f8d-2ce9-421d-bd44-3a25b8b15729
2025-03-12T12:16:20Z,POST,200,c9e499b6-b7fc-4d98-9b8e-78ad499dee2a
2025-03-12T12:16:20Z,DELETE,201,7a141817-6865-4824-8edb-013dfa9e205a
2025-03-12T12:16:20Z,PUT,200,72b65f26-06b4-4641-8436-92eb7ab9c133
2025-03-12T12:16:20Z,POST,201,de9f5c6f-ad7b-4e74-a8f8-50efba828861
2025-03-12T12:16:20Z,GET,500,12d043dc-b263-43cb-9f73-e3363aa1df2e
2025-03-12T12:16:20Z,GET,200,28123841-b46e-45c4-b3a7-2f8592637d51
2025-03-12T12:16:20Z,GET,500,d84c5824-6e3a-4c57-8ff2-407c919ed4e3
2025-03-12T12:16:20Z,POST,201,b04561ac-754c-4421-a230-8c7528f441c6
2025-03-12T12:16:20Z,PUT,200,12f788fc-9808-4f0c-9f26-5a661b8c113f
2025-03-12T12:16:20Z,GET,200,3f712928-5f4b-4c1c-985e-4c5c2dd10060
2025-03-12T12:16:20Z,GET,500,62bbb7e3-abac-406d-83f4-5348441bafc9
2025-03-12T12:16:20Z,GET,200,4db122db-8f92-4897-aaa7-4ef3a4c2e4fa
2025-03-12T12:16:20Z,POST,201,75d9078b-c8fb-4208-85df-8b1cd6dc4c2c
2025-03-12T12:16:20Z,POST,201,ec20cd8e-8293-43aa-a136-a7b7abb51f24
2025-03-12T12:16:20Z,GET,500,aac371ed-ab81-412d-87e4-709f8e3d1144
2025-03-12T12:16:20Z,GET,201,a228e007-0644-4839-98bf-4cf3a12df9eb
2025-03-12T12:16:20Z,DELETE,200,ad55dc01-5f6c-4aa6-acee-5eb129adce19
2025-03-12T12:16:20Z,PUT,200,87cf4253-54b6-4a5b-be49-3bf147c21e78
2025-03-12T12:16:20Z,POST,201,3ec15785-7524-418f-8b5e-589bc33b2e05
2025-03-12T12:16:20Z,POST,301,d712ff9a-3905-4fb7-ac31-2c789785a290
2025-03-12T12:16:20Z,PUT,200,fcf31e81-de07-478c-ba8b-c0a99bc92977
2025-03-12T12:16:20Z,POST,201,7b3b9287-62da-4208-b790-e2f3a87ebde1
2025-03-12T12:16:20Z,PUT,201,d9497cf6-1bf2-485f-af84-a856c33d0e13
2025-03-12T12:16:20Z,DELETE,200,cf5040d2-2f27-4aeb-a806-538a2f426249
2025-03-12T12:16:20Z,POST,301,258fa9bd-ebef-456f-9fe4-cb888f6375a9
2025-03-12T12:16:20Z,PUT,200,5b9aa669-6dcb-4a6c-8028-959da3c0c3e7
2025-03-12T12:16:20Z,POST,201,099f7284-378f-4ca5-8e88-3a865e010e28
2025-03-12T12:16:20Z,GET,500,1ad287cd-508a-4f7a-8266-e6c365ac6d49
2025-03-12T12:16:20Z,GET,200,0bdf8ddb-1236-4ac4-a79c-24c24ba53873
2025-03-12T12:16:20Z,GET,500,9e0dba0e-47c7-401c-ab72-db90c431cfa0
2025-03-12T12:16:20Z,POST,201,de39e622-5b5d-49b0-bb40-86c08d5c067a
2025-03-12T12:16:20Z,GET,201,dd1c09f6-2a66-4829-98e8-05b3abb6d4ae
2025-03-12T12:16:20Z,POST,200,65180458-bfcf-455e-9b9c-abfbdd16fcb7
2025-03-12T12:16:20Z,GET,200,7312ca2e-0aca-4b61-be58-edf2cf544d77
2025-03-12T12:16:20Z,POST,201,bc42c975-4c1f-47e2-b812-ba49652e3cfb
2025-03-12T12:16:20Z,PUT,201,a3144113-c075-43ca-a35d-878523475c0d
2025-03-12T12:16:20Z,PUT,200,8426df97-5a7a-43d3-9e82-765b94e0d0ec
2025-03-12T12:16:20Z,GET,500,dd1ee16e-a97c-44db-abd3-1590c963843f
2025-03-12T12:16:20Z,POST,201,3e9fe7b1-c96c-499a-b72c-fa3cc5285d1e
2025-03-12T12:16:20Z,GET,201,42279c36-3590-47ea-9a16-cc83577ef823
2025-03-12T12:16:20Z,GET,201,a49f7bd7-8c9a-4e01-8261-f4e71af13ab3
2025-03-12T12:16:20Z,PUT,200,e4fdfb20-fdbe-4aac-afa5-80877464fb59
2025-03-12T12:16:20Z,GET,201,418dca82-f0bf-4e15-a21c-8c1b8962446c
2025-03-12T12:16:20Z,GET,301,5cb1654e-46fe-4676-8aa3-a113336c8834
2025-03-12T12:16:20Z,POST,200,4cce237e-f79c-47e3-b71d-2a69bfba6a9e
2025-03-12T12:16:20Z,PUT,200,34607d8b-7b51-413f-8f23-ad8b6c054141
2025-03-12T12:16:20Z,POST,500,daa46ead-ae40-4206-988b-e60b7d64b827
2025-03-12T12:16:20Z,PUT,200,5ea65f79-0be1-4c6a-ba10-df47dbc52c8d
2025-03-12T12:16:20Z,GET,201,256af2e7-36b1-4434-b73c-80ea1edf0bef
2025-03-12T12:16:20Z,POST,201,8e429240-cc47-4f0d-b803-e2432b9f773c
2025-03-12T12:16:20Z,PUT,201,2c6b1256-e9cc-4bee-9c67-cf081f54eff4
2025-03-12T12:16:20Z,PUT,201,120fddb6-18e5-4001-b034-cdfe052edc0f
2025-03-12T12:16:20Z,POST,200,3c259abf-47af-435a-9a35-df0983b0b448
2025-03-12T12:16:20Z,PUT,201,b0cdda77-14d4-4bf7-b558-442cfed371ed
2025-03-12T12:16:20Z,GET,200,4e72fc25-3933-4f1e-8319-425400a407db
2025-03-12T12:16:20Z,GET,201,80710590-50bc-424d-a066-30bd9ec6772d
2025-03-12T12:16:20Z,GET,201,2c7d7a5c-fb0c-44f8-b85d-f42d75acefd7
2025-03-12T12:16:20Z,PUT,200,c7af5b39-9684-4048-8747-3927a60af732
2025-03-12T12:16:20Z,PUT,200,f5c94bb1-dd3c-4f9c-986e-b53643aee057
2025-03-12T12:16:20Z,POST,500,ee8a46e3-64c0-4e57-980b-9e566b8b0f17
2025-03-12T12:16:20Z,PUT,201,1acd2019-5730-4ea7-9dd3-ac6eb29c57c6
2025-03-12T12:16:20Z,GET,301,83d1543d-9566-489e-a66a-bc9aad5d3fa1
2025-03-12T12:16:20Z,POST,201,3c7f0c3b-a63e-4fc6-b021-0819c42cc53e
2025-03-12T12:16:20Z,POST,200,09cbb2c7-3de2-4851-b367-90024c7796fc
2025-03-12T12:16:20Z,GET,200,cbfa5a91-0f55-413c-98df-070c4419fccc
2025-03-12T12:16:20Z,POST,301,cc5dabbd-f602-40f1-913e-962fc9ca724b
2025-03-12T12:16:20Z,GET,301,c1d4f359-2aab-44ee-99ce-156b2c5995b4
2025-03-12T12:16:20Z,POST,200,100ec7b7-c189-4f53-81dd-0576c649d357
2025-03-12T12:16:20Z,POST,200,57795c4c-914f-49b0-b69b-4119ab804a7c
2025-03-12T12:16:20Z,POST,200,0d602a0c-f5ed-4b8b-9ab5-b7d9deddaef7
2025-03-12T12:16:20Z,POST,201,b2eaa2ba-f7c1-47bf-aa4c-30186d6943ad
2025-03-12T12:16:20Z,GET,301,f7d3612c-45f9-4dcd-a775-7bed8ceb58ad
2025-03-12T12:16:20Z,GET,201,bb090b3b-391d-443a-b2d2-624133686e20
2025-03-12T12:16:20Z,GET,201,95ab729d-4cbd-4b48-89a6-19044fcc7a07
2025-03-12T12:16:20Z,GET,200,4f1fae5e-3852-4d92-9334-0c62749ccea1
2025-03-12T12:16:20Z,GET,201,bd85fe3d-b4b0-460d-8e88-41a8a24ef5ba
2025-03-12T12:16:20Z,PUT,200,35469804-dffa-4bb8-9038-386984280e49
2025-03-12T12:16:20Z,POST,200,f25cae08-d863-4e30-8758-39649481a317
2025-03-12T12:16:20Z,PUT,301,a613de4d-fe03-419d-a318-4e1813d0541c
2025-03-12T12:16:20Z,DELETE,200,01d94baa-e5a1-440d-84d1-6471c507ce76
2025-03-12T12:16:20Z,PUT,200,7651310b-d6ee-4ffb-be1e-eed27d99e94c
2025-03-12T12:16:20Z,GET,201,c7b7c9e7-f154-4dbd-a3f6-d863ef73f85f
2025-03-12T12:16:20Z,PUT,201,e56b771d-ebf3-403a-9a0b-959ce27c7e41
2025-03-12T12:16:20Z,PUT,500,69091147-c555-4a8c-9100-96e4a3b61725
2025-03-12T12:16:20Z,PUT,200,f8c86900-93d1-450c-a4a0-9340d714de9c
2025-03-12T12:16:20Z,PUT,201,8be71302-acf5-4a35-8608-d88b415a1f38
2025-03-12T12:16:20Z,GET,200,23b3c71d-0eb7-4ad3-b916-48d6c6a9aa67
2025-03-12T12:16:20Z,POST,201,372a24fb-4336-4dff-bdae-e257adadfc3a
2025-03-12T12:16:20Z,DELETE,301,b28bb21d-7a35-4a71-b9e3-e1b31d5f3d03
2025-03-12T12:16:20Z,PUT,201,d1d0fd04-f766-4841-8761-eda6fdf2954c
2025-03-12T12:16:20Z,PUT,500,36ac4c63-c47c-474d-983b-c3b4ea19a6ba
2025-03-12T12:16:20Z,POST,200,2f0fe335-7ec5-4d2a-834a-de9d2d6cd04a
2025-03-12T12:16:20Z,GET,200,6ac87706-e275-4a3e-b36b-17c99677ae7d
2025-03-12T12:16:20Z,POST,201,cab075b1-8ab3-4ec7-bcfd-6362dc179601
2025-03-12T12:16:20Z,POST,201,045044df-411a-4628-ba96-3ec4f06b40bc
2025-03-12T12:16:20Z,POST,200,43dc5dd8-0b7b-4436-84fc-76a1afd20f40
2025-03-12T12:16:20Z,POST,200,0541cb45-b7a9-406b-be40-5e5f87dc6aa4
2025-03-12T12:16:20Z,GET,201,78aee327-8479-4b30-b9df-1cb50d3538a5
2025-03-12T12:16:20Z,PUT,200,1861a132-c96a-406d-af0d-025086f3874e
2025-03-12T12:16:20Z,GET,200,5b9e12e8-7e15-43ec-abbd-e197f99dffce
2025-03-12T12:16:20Z,POST,200,9fa2ff96-1799-4f61-ac0c-73f12ae00ee3
2025-03-12T12:16:20Z,GET,201,241e4fb0-c197-4640-9108-caad2be4cb4b
2025-03-12T12:16:20Z,GET,200,880002af-be39-4980-a0f0-3ebeb49d26a4
2025-03-12T12:16:20Z,GET,201,0c448dea-f4b0-4e35-96db-9d9d92326f66
2025-03-12T12:16:20Z,GET,500,ebc6e62b-3ad3-41d1-9830-bd6aff03c5f4
2025-03-12T12:16:20Z,GET,201,75a12f0f-8686-47a1-b262-345f6d80f67c
2025-03-12T12:16:20Z,POST,200,132dbd6f-78bf-4449-8b0b-6f018fb68c8b
2025-03-12T12:16:20Z,GET,201,ae9f539f-aeda-49ac-be44-69873f2dc714
2025-03-12T12:16:20Z,PUT,201,62564118-bb98-4c04-af9e-b8000537497c
2025-03-12T12:16:20Z,PUT,201,f3cb2c4e-20be-41d9-a43a-8df5c9883138
2025-03-12T12:16:20Z,GET,500,4cb7066c-87c7-4ce2-9664-c7fa05f01db9
2025-03-12T12:16:20Z,GET,500,3eb4c0a6-3450-489b-a5c3-59499d3115bb
2025-03-12T12:16:20Z,GET,201,a6b7eef9-f94e-46a8-bc19-315ed31866ad
2025-03-12T12:16:20Z,POST,200,f49c9239-df1f-4031-bec3-42d7d807ea57
2025-03-12T12:16:20Z,PUT,201,3c63da7c-885c-489f-8a9a-1d1f8c0a46e4
2025-03-12T12:16:20Z,GET,201,94b42daa-6ea7-4daa-a3c2-bce512ec0211
2025-03-12T12:16:20Z,GET,200,ead4b12b-3d18-4ec5-a1b2-0960a5254e4f
2025-03-12T12:16:20Z,POST,500,025ac699-d418-4139-a663-351df19fb84b
2025-03-12T12:16:20Z,GET,500,f42ae251-fd2e-4581-a61b-b7196153b280
2025-03-12T12:16:20Z,GET,201,e93ca021-05a1-4969-88a5-1e369b50070b
2025-03-12T12:16:20Z,PUT,200,bbcffbbc-3233-4876-b511-f9348c14d261
2025-03-12T12:16:20Z,PUT,200,2324fd86-8cdb-44e1-84f2-fa185cfcfbb7
2025-03-12T12:16:20Z,PUT,201,fc6498c9-0b66-41fc-bfcd-e7b86bcb70ff
2025-03-12T12:16:20Z,GET,201,3dcbac63-6633-4323-862d-291590f80bdf
2025-03-12T12:16:20Z,GET,200,e4bf34b0-24fb-4539-bd77-52f38553e41b
2025-03-12T12:16:20Z,GET,200,c8515374-bc4d-4140-8e21-50cb45f8f0f4
2025-03-12T12:16:20Z,POST,201,19007ac0-ee0b-4438-a65a-1d75f37d609d
2025-03-12T12:16:20Z,GET,200,e7069ce7-c088-4f04-b30e-105079f3cb7d
2025-03-12T12:16:20Z,POST,200,5541fa16-bbb5-4173-8a64-153ecaefac2f
2025-03-12T12:16:20Z,POST,301,fa1707db-2803-4f98-bebb-926811c072f8
2025-03-12T12:16:20Z,POST,201,71c2f260-07f5-4d1d-8379-8adb6bdb7545
2025-03-12T12:16:20Z,PUT,500,ba7a2d31-fa48-4085-b719-14eeb22761a2
2025-03-12T12:16:20Z,PUT,500,6bb5d617-a632-4585-875c-49d82d72c650
2025-03-12T12:16:20Z,POST,301,a0bc5203-0f74-45bf-9eb7-e9976960308d
2025-03-12T12:16:20Z,POST,201,1ac993f3-9802-4a36-aacb-6e875f209953
2025-03-12T12:16:20Z,GET,200,fa4d7358-308d-4eef-9c00-b78a474093d7
2025-03-12T12:16:20Z,PUT,301,1ed131a3-4f9d-48d8-9423-1725dee0cd57
2025-03-12T12:16:20Z,POST,200,ffc0aed4-1f86-4215-bae4-6c8081319fbc
2025-03-12T12:16:20Z,GET,201,ae3a2af8-35a7-45db-94e1-cfeddcd7a7c5
2025-03-12T12:16:20Z,PUT,500,282119f6-dbf2-47d1-bea0-0f36a04de3aa
2025-03-12T12:16:20Z,POST,201,3d97c10a-e64d-466a-9abd-bc5a51615abf
2025-03-12T12:16:20Z,PUT,301,31643133-08a8-42e4-bab8-83c8ffa2e355
2025-03-12T12:16:20Z,GET,200,1d5efa17-7f7c-4ff2-88fd-37aecff74c48
2025-03-12T12:16:20Z,DELETE,201,533a22ad-5be4-4f88-8acd-4d5145310b39
2025-03-12T12:16:20Z,POST,201,6990e876-cf3d-4c23-b790-2e7ab5f14571
2025-03-12T12:16:20Z,GET,301,aafbb5cf-7dcc-4cca-8d87-b58e2c220d8b
2025-03-12T12:16:20Z,GET,200,4c9d2cb2-4128-4798-a011-ac7259ef969a
2025-03-12T12:16:20Z,GET,201,06f11d2c-0ff6-4499-afc9-3ce874e5c07a
2025-03-12T12:16:20Z,GET,200,1948327e-68ca-455a-9665-1884e69bd444
2025-03-12T12:16:20Z,PUT,201,e56a0171-1e49-40f6-b6f5-fc0343d8b624
2025-03-12T12:16:20Z,POST,200,38824074-28ee-434a-94b2-e0d4f358bdc5
2025-03-12T12:16:20Z,GET,201,1644cd57-be99-43b6-a437-b6609ae6d4ff
2025-03-12T12:16:20Z,POST,200,4e0fec18-1981-48a1-b150-a1548c20524f
2025-03-12T12:16:20Z,PUT,200,08f3161f-3035-477e-921f-1c2884f1ec5d
2025-03-12T12:16:20Z,POST,200,68028f9d-b211-45d4-8339-14a2b9bd271f
2025-03-12T12:16:20Z,GET,200,46b83db4-64ad-4eca-b0a3-686146464771
2025-03-12T12:16:20Z,POST,200,46142776-3c88-40e7-b37b-2f56c3ad0a14
2025-03-12T12:16:20Z,POST,201,c7f4fac1-1462-4458-b8e9-919afe842378
2025-03-12T12:16:20Z,GET,200,d42911d2-e168-451e-9ade-48efd2aaf32c
2025-03-12T12:16:20Z,PUT,200,c4128be0-514b-4bfd-9e99-caaf49d4729c
2025-03-12T12:16:20Z,POST,201,cb90cd4f-0786-4abc-8757-189b30a56a87
2025-03-12T12:16:20Z,POST,500,b910a544-f65b-40ed-96bd-89b4f6a9e7c9
2025-03-12T12:16:20Z,DELETE,200,5eefe9d0-778a-4d48-ac35-6881eeefe7a1
2025-03-12T12:16:20Z,POST,201,c83f4eb7-4a6f-48f4-b567-bf7e266e25e1
2025-03-12T12:16:20Z,DELETE,200,3c155b0f-9e18-4562-81e2-f070148ace20
2025-03-12T12:16:20Z,PUT,200,17209c67-3feb-4c41-ad25-cffcb784f3fe
2025-03-12T12:16:20Z,PUT,200,5f81265b-b51c-40b2-b525-eda665c72d29
2025-03-12T12:16:20Z,PUT,201,615ca5a9-3043-4ecc-8294-5a90883531b2
2025-03-12T12:16:20Z,PUT,500,2077134a-63e3-47b6-bc4e-f5da4e0f71a3
2025-03-12T12:16:20Z,PUT,200,971d1f77-4dab-4036-99aa-27701d82b79e
2025-03-12T12:16:20Z,PUT,201,3eb25860-04ee-4d94-b85c-adeee0010a1f
2025-03-12T12:16:20Z,GET,201,d23d6d9b-11ea-401b-8d02-27a0859e405a
2025-03-12T12:16:20Z,PUT,200,f4553dfd-fd58-423e-a107-e20cbbcc2b3e
2025-03-12T12:16:20Z,POST,200,5e4c18c1-0700-4d66-bef2-60a47051ea48
2025-03-12T12:16:20Z,GET,500,ff9d15b0-80fe-4691-9712-bdf1a5e806e8
2025-03-12T12:16:20Z,PUT,200,d816251c-ddca-459c-8124-b55b9003e1f9
2025-03-12T12:16:20Z,GET,500,3af92464-9cac-4610-81b3-836c57035609
2025-03-12T12:16:20Z,GET,200,b066ec20-db8f-4a9e-bfe1-b90cfdd5ff08
2025-03-12T12:16:20Z,GET,301,ceb31243-0ee6-437c-93e6-8803e54aac3c
2025-03-12T12:16:20Z,GET,500,df50c6b1-ac7e-41b0-9f58-499c25a3dd7d
2025-03-12T12:16:20Z,GET,201,3f1e2c43-1075-4aa0-8a56-74a1e1bcd8af
2025-03-12T12:16:20Z,GET,200,71dcea56-0dec-424c-b38c-ca31848912df
2025-03-12T12:16:20Z,GET,201,1b704b79-15ed-44e9-9a3c-c0550e07adda
2025-03-12T12:16:20Z,GET,301,6850f17a-c961-4705-aecc-5cfae59470a8
2025-03-12T12:16:20Z,PUT,200,56a894cb-dbc9-4e79-aa1e-fc381a547cec
2025-03-12T12:16:20Z,POST,200,bc8c3006-7d9e-4f97-91ce-c5a990367dcd
2025-03-12T12:16:20Z,GET,200,c8090fc4-aaf3-47a1-af9c-00ce6ef77d0a
2025-03-12T12:16:20Z,GET,200,4da32b96-1596-4c0e-8e9c-3bf5658f7771
2025-03-12T12:16:20Z,POST,200,15aae50d-628c-4839-92b1-03a394f1bfaf
2025-03-12T12:16:20Z,GET,201,b6ecb7fe-51b9-4bb0-a13e-4330281cf6ba
2025-03-12T12:16:20Z,GET,200,4f060766-ce7c-4729-bd1b-d5c8c45b2175
2025-03-12T12:16:20Z,PUT,500,8421e64a-4ca3-424f-847b-23fb93ae8398
2025-03-12T12:16:20Z,GET,201,fbb83398-0602-4f88-8f58-7c53591f11b4
2025-03-12T12:16:20Z,POST,201,aad15473-60cd-43c2-beab-3a2197732aec
2025-03-12T12:16:20Z,GET,200,fd3712a0-ee7d-4805-8f0d-db88342625a4
2025-03-12T12:16:20Z,PUT,201,f246f931-b645-4bdf-a0ea-61a0f45aa3c9
2025-03-12T12:16:20Z,PUT,200,bd5f9168-56a7-4a7b-b536-5232781c5fee
2025-03-12T12:16:20Z,POST,500,8e288b2b-f41d-484a-962c-c49d80019e3b
2025-03-12T12:16:20Z,GET,200,b19141f4-81ab-4f15-8383-9446e0efffe6
2025-03-12T12:16:20Z,PUT,200,3e82b6cd-5aba-4210-8e86-1c5dfe022e91
2025-03-12T12:16:20Z,GET,500,563700f2-b3a9-4e07-99fe-d167eb68536c
2025-03-12T12:16:20Z,GET,200,2845f201-038f-4e83-942f-675e8bc7e768
2025-03-12T12:16:20Z,POST,200,1ce3841d-53fa-4d80-93f9-9706bc75a1f1
2025-03-12T12:16:20Z,GET,200,07b057c0-0845-4831-bab6-8fd830ec9597
2025-03-12T12:16:20Z,GET,200,81388ab0-3ed0-4de0-ae33-0a6583dfcf7c
2025-03-12T12:16:20Z,GET,500,24e14e0f-7d5c-46db-8d6f-3e710810eb3a
2025-03-12T12:16:20Z,PUT,200,20d41ae4-b65b-4be0-ab98-68afb377df01
2025-03-12T12:16:20Z,GET,201,f1b934d1-88a7-4002-8af7-5b1c4f7570ef
2025-03-12T12:16:20Z,DELETE,201,cd1dcff2-5554-4944-881c-887751374285
2025-03-12T12:16:20Z,GET,201,36b0c2ee-3298-4379-b5f6-382298ef13a3
2025-03-12T12:16:20Z,POST,200,c29892bc-4770-45af-886b-5c093770bce7
2025-03-12T12:16:20Z,POST,200,53554fdb-c607-48b8-bc17-c4d16b624670
2025-03-12T12:16:20Z,GET,500,4add4679-c172-4011-baf6-9fd1381ebd8b
2025-03-12T12:16:20Z,GET,201,61437fd7-a50a-4852-bfa6-11b406df4a40
2025-03-12T12:16:20Z,GET,200,fbd1d297-a2d0-4d02-9bc8-1c21ed223cf1
2025-03-12T12:16:20Z,GET,301,94dd47d6-e728-4387-8843-e7db37c1971f
2025-03-12T12:16:20Z,GET,201,978564d7-1acb-480e-a4fb-1dc370ecc2d8
2025-03-12T12:16:20Z,POST,500,dd09c6ff-f6e3-4e48-b730-7fd8d66dc5c3
2025-03-12T12:16:20Z,POST,201,b5bf72e7-1196-4165-a2cd-ace26e79a2fc
2025-03-12T12:16:20Z,POST,200,90a4e03a-d75d-4050-a82f-6d68b3ca8dde
2025-03-12T12:16:20Z,PUT,201,d849b01f-5ff4-4d95-af70-de1cb3c5d4c2
2025-03-12T12:16:20Z,GET,200,f2856533-1c37-4699-a5c2-92daf92b5c5f
2025-03-12T12:16:20Z,DELETE,301,19409f8c-2193-4546-8763-7de10f255ebd
2025-03-12T12:16:20Z,PUT,200,34180f45-3f55-41b4-86c1-3463c9611c0b
2025-03-12T12:16:20Z,GET,200,28d8483e-0daa-4e17-91af-8c3fd18a3898
2025-03-12T12:16:20Z,POST,500,6f9cf0f7-4108-47d4-be52-9e46b0c0d9c5
2025-03-12T12:16:20Z,GET,200,f9263270-2829-426b-adf8-965b7cf79f5b
2025-03-12T12:16:20Z,POST,200,70667ce3-57ec-45bc-be55-eaf864e1020e
2025-03-12T12:16:20Z,PUT,301,6f7c6ae2-6b10-4d75-ac1b-5eb2fe60dcf7
2025-03-12T12:16:20Z,GET,201,18d44a3d-44dc-4647-a727-1fd34ed706f4
2025-03-12T12:16:20Z,GET,200,9671fd02-1564-4a00-8191-40e3a3f339b8
2025-03-12T12:16:20Z,GET,200,5c8252b5-f9c4-4763-92b8-9f699cc4e7c7
2025-03-12T12:16:20Z,PUT,200,dedcfde3-24e6-44aa-8ace-4a1fbdc80308
2025-03-12T12:16:20Z,GET,200,4b906643-2b0c-4165-aa23-77b3648b6133
2025-03-12T12:16:20Z,GET,500,887613b9-5eb1-42d6-9b4e-1c12e4c1d376
2025-03-12T12:16:20Z,POST,200,af6b1a02-2698-4993-b6e8-ab0153cb3e1f
2025-03-12T12:16:20Z,GET,301,334bf7ee-773e-4c34-8564-1aa7f095e55e
2025-03-12T12:16:20Z,POST,201,0ac8a75c-8986-4450-a867-c9306f2371e5
2025-03-12T12:16:20Z,GET,500,a4cc7356-9806-4009-ae7e-fdc99e0ffcb0
2025-03-12T12:16:20Z,GET,200,31d64bcb-037d-44e4-8644-49eb3f14350b
2025-03-12T12:16:20Z,GET,201,aaf0c840-2ca1-425b-a794-b45c2b572d0d
2025-03-12T12:16:20Z,POST,201,f3a1b01d-8546-4dba-ab2a-f11051c3d923
2025-03-12T12:16:20Z,POST,200,a0a1c541-e4c0-4cde-a5cd-4fdef23bc7e3
2025-03-12T12:16:20Z,DELETE,200,eebaa5ef-7301-4834-9cb4-caa1858ac273
2025-03-12T12:16:20Z,GET,200,069c9af5-c291-4d9d-8d9e-8373fa90ffc5
2025-03-12T12:16:20Z,GET,200,52e59668-90cb-48a3-a547-e06bed3aef53
2025-03-12T12:16:20Z,PUT,200,f765246a-5a64-43bf-91af-faee7eff3cf7
2025-03-12T12:16:20Z,POST,201,bcda69d1-08c7-4c3e-94de-5f5ec73e8e33
2025-03-12T12:16:20Z,GET,201,ce591579-3099-4020-99cf-23197466c4cc
2025-03-12T12:16:20Z,GET,301,a0e4bf72-9f66-4afa-8c7f-644d2ebf56c4
2025-03-12T12:16:20Z,POST,301,3ed5f0a7-16f2-4fbe-a7a6-090cddfdab43
2025-03-12T12:16:20Z,GET,201,25de28a8-b577-4479-8799-80c136494de2
2025-03-12T12:16:20Z,GET,200,0c8c67f7-e916-4d79-a7dd-3300048b4368
2025-03-12T12:16:20Z,GET,200,c2562b02-b1b8-4c5c-a9c7-2b122bb7e9f9
2025-03-12T12:16:20Z,POST,301,a4fd8ca4-442b-480d-b755-82b646047d99
2025-03-12T12:16:20Z,POST,201,044579b1-a9b0-406d-a9fe-5102a696a78c
2025-03-12T12:16:20Z,POST,500,a48065a3-b4d1-4c6a-8f1e-9b4058e50470
2025-03-12T12:16:20Z,POST,201,bb1373b5-d6e8-4f0e-8a94-61fa7600cbab
2025-03-12T12:16:20Z,POST,201,2316d9f5-f654-4fdb-a7cd-a73217f1b541
2025-03-12T12:16:20Z,PUT,200,c1be006d-978c-4f0e-8a5e-1b99cfacacdf
2025-03-12T12:16:20Z,PUT,201,030883fa-b792-4216-bfad-35020dfecb1f
2025-03-12T12:16:20Z,POST,200,8d3b89f2-e7a2-484f-a6d0-e920dbd162ba
2025-03-12T12:16:20Z,PUT,201,8fb2260d-b30b-4cbc-a89d-7cc3bcaad7a5
2025-03-12T12:16:20Z,POST,200,b8055eae-4d0d-4953-b3ac-10343bdc5d0e
2025-03-12T12:16:20Z,POST,301,9c2acbfb-8ba2-4292-b046-76ba111b0990
2025-03-12T12:16:20Z,GET,200,9cf40b69-9557-47c2-9517-475403d5f002
2025-03-12T12:16:20Z,GET,200,ff7ec494-8d0b-45bf-806e-f7fba660ef75
2025-03-12T12:16:20Z,PUT,200,ef2cb14b-2753-4094-a56f-d539c7efadda
2025-03-12T12:16:20Z,GET,301,064abd17-c151-4433-a62e-7b15fc37e394
2025-03-12T12:16:20Z,DELETE,200,527dc9de-1b52-4050-8147-2e6cbc869522
2025-03-12T12:16:20Z,GET,200,864941c1-0195-4012-980b-897ce9fcfd4e
2025-03-12T12:16:20Z,GET,200,a8b0dd45-c51d-4cc4-b200-5aa833c2bce7
2025-03-12T12:16:20Z,GET,200,1577fa90-949e-4666-b4f7-6c080c539fef
2025-03-12T12:16:20Z,POST,200,e9da4917-2002-42d3-ace6-6c0d1773bdc6
2025-03-12T12:16:20Z,GET,200,9a04b656-aa5f-4923-a215-d62d0b67e290
2025-03-12T12:16:20Z,PUT,200,1e265006-4268-487c-8491-cc4f585ff2f8
2025-03-12T12:16:20Z,GET,201,e54bc466-a5df-4419-b65f-82694990c30e
2025-03-12T12:16:20Z,POST,201,15afa062-30f7-4477-ae75-c2541dbec96c
2025-03-12T12:16:20Z,DELETE,201,917e564c-1e35-4b4e-b2ea-fdfbc2ece959
2025-03-12T12:16:20Z,DELETE,201,cc60b6e7-7f58-430d-b89b-6fa4aa2dc374
2025-03-12T12:16:20Z,GET,200,f5d083f5-a3e9-46d2-8677-d9792e327307
2025-03-12T12:16:20Z,POST,201,e373bfd7-51fc-479e-aade-1a72c89e1e20
2025-03-12T12:16:20Z,POST,200,eebdabd3-0411-4ee3-bc05-a235f297be2b
2025-03-12T12:16:20Z,GET,301,85245697-fb16-4822-a01a-0554c8b1bea8
2025-03-12T12:16:20Z,PUT,200,0c14530a-9931-4496-a788-3f20a8ea5f78
2025-03-12T12:16:20Z,POST,200,414b0449-0747-40b7-ab52-6ddf32f2eb53
2025-03-12T12:16:20Z,PUT,301,633ef828-f36a-4d8b-81c4-df396a16fec9
2025-03-12T12:16:20Z,POST,200,993e2d4a-abf2-4be0-9863-a84fa5688d52
2025-03-12T12:16:20Z,GET,201,8a5dcf37-9747-476e-9f9b-5dad11405504
2025-03-12T12:16:20Z,PUT,200,14d7482c-07e5-4831-a91d-6a1ac78688c4
2025-03-12T12:16:20Z,PUT,500,f432ce71-238f-4779-86ee-518377d08ed3
2025-03-12T12:16:20Z,GET,200,5e8daab3-2ff9-43d9-b6f2-a0bcaa4aa92e
2025-03-12T12:16:20Z,GET,200,49ef4d3e-37b0-4d0f-8add-97a1f2b1eefe
2025-03-12T12:16:20Z,PUT,200,2438805e-0ad9-426d-8fe8-d661890272bf
2025-03-12T12:16:20Z,PUT,200,6a713b40-f88a-4550-9d99-548b405a09d0
2025-03-12T12:16:20Z,GET,500,3d9b1ca7-ddb8-456b-8320-c026ab98197c
2025-03-12T12:16:20Z,PUT,200,a0a2ed8f-945c-4c8a-9fb9-c4937c681d96
2025-03-12T12:16:20Z,POST,500,0a67f734-99e0-416f-92e9-bc2224d3c9b3
2025-03-12T12:16:20Z,POST,200,81c9ba1a-e71b-463b-a38a-c02aa05eb96b
2025-03-12T12:16:20Z,GET,200,58cffae2-ab86-447d-bd33-3fe883ba1d22
2025-03-12T12:16:20Z,GET,200,07546482-c830-447b-8b93-ade45c84d965
2025-03-12T12:16:20Z,PUT,200,521f056b-e911-42ee-b1be-043963cdb846
2025-03-12T12:16:20Z,PUT,500,da52312d-4dc4-4610-8534-9de5fcde1a64
2025-03-12T12:16:20Z,GET,200,5ff3f433-d7d7-45b1-9539-317ce1f9d2ef
2025-03-12T12:16:20Z,POST,201,704c3fdd-0f72-4504-803f-89cae0118210
2025-03-12T12:16:20Z,POST,201,73b5e9fc-41dc-4ca7-9076-7ab1dba59505
2025-03-12T12:16:20Z,POST,201,db52396b-638d-4264-9b57-efcf36b5ad25
2025-03-12T12:16:20Z,PUT,201,34a28a52-8fbf-4d9f-8b5d-7004442a339c
2025-03-12T12:16:20Z,POST,201,5d78c830-0bad-4f60-a6f8-267a5df4ff5c
2025-03-12T12:16:20Z,GET,200,d36d98cb-d103-4e76-af82-d4e771e10234
2025-03-12T12:16:20Z,GET,201,3d9be26a-1088-4909-82f5-faf34d2b7e15
2025-03-12T12:16:20Z,GET,201,c2199fc4-4913-453e-a631-fc71a0f3fb63
2025-03-12T12:16:20Z,GET,200,111b81e0-b52e-4faa-b17e-e3cbde42a388
2025-03-12T12:16:20Z,PUT,201,28b5a307-22b5-4ebd-88bf-bd583c0ddd5c
2025-03-12T12:16:20Z,POST,201,8604acf2-5d54-426d-8ef4-2e3d445884ab
2025-03-12T12:16:20Z,GET,201,dcd43502-58e7-4c81-82ed-4b39fd4a2d5e
2025-03-12T12:16:20Z,GET,200,d2f562e8-7867-43ca-9e5f-f6fbe4d48e8e
2025-03-12T12:16:20Z,GET,500,3d81dcef-ce36-48be-be6e-b376a64fbf81
2025-03-12T12:16:20Z,GET,200,644da9b0-b803-4105-9f26-e91a3ce6dee0
2025-03-12T12:16:20Z,POST,200,8229cd59-29ae-46ae-ad26-e1e72226cbf8
2025-03-12T12:16:20Z,GET,201,efdcd158-96b5-45f9-8114-1fb559e65ff2
2025-03-12T12:16:20Z,GET,201,adfb4c22-6f1c-4c96-b583-9b3044e1a74c
2025-03-12T12:16:20Z,DELETE,200,3a9c6e2f-1c66-4795-9745-6db4a72aa97a
2025-03-12T12:16:20Z,GET,201,fea90433-8b78-4ea1-a66f-4f03c1ca7468
2025-03-12T12:16:20Z,GET,200,52dcfac9-5f49-424d-84df-ad146583d75f
2025-03-12T12:16:20Z,POST,200,7093ace1-7c5b-4782-bf9f-4fb5c654331e
2025-03-12T12:16:20Z,GET,201,6bc04f12-ae02-4e26-b61c-bee9d766b0ba
2025-03-12T12:16:20Z,POST,500,26710c88-d05c-450d-b556-baf2d796713f
2025-03-12T12:16:20Z,GET,201,d718f329-a9f8-4802-8b0a-046d9d88b0fc
2025-03-12T12:16:20Z,GET,201,0ae11644-e3ae-4c6c-8573-8cdba9b1c4b7
2025-03-12T12:16:20Z,POST,301,402eb1b6-6da9-4dc4-9cc7-23fdcdee6d8d
2025-03-12T12:16:20Z,GET,200,41de1cf3-9315-4b0e-9f46-50f6c59488c8
2025-03-12T12:16:20Z,GET,201,33f13b33-9a88-49bd-973c-a93b22442c85
2025-03-12T12:16:20Z,GET,201,64c4c93e-c762-4694-b7d7-05c728288e9d
2025-03-12T12:16:20Z,POST,201,721db42f-c960-4bbc-b050-45298e9ec229
2025-03-12T12:16:20Z,PUT,201,74ffb06e-23f4-4b24-90b9-4dde6057a731
2025-03-12T12:16:20Z,POST,500,8db2f53a-5ed8-4564-b236-2a9306d36d9a
2025-03-12T12:16:20Z,GET,201,9b7fd73d-1a3f-4f35-95c3-eedd62a0e3fe
2025-03-12T12:16:20Z,PUT,200,f164ca4e-6d3b-4c37-905a-677141a1a4c9
2025-03-12T12:16:20Z,POST,201,33dbb626-fa49-479d-9a5f-8ea986b29439
2025-03-12T12:16:20Z,GET,200,90da1e81-82e3-412e-aedd-ba8bc6346ddd
2025-03-12T12:16:20Z,PUT,201,d3f9f08c-318b-4375-ae49-54068002398c
2025-03-12T12:16:20Z,GET,500,6fb6560b-189e-4ed7-9ed5-c79777b8c757
2025-03-12T12:16:20Z,POST,201,a629e92b-1a02-4569-a6a8-f0f2c033d9ca
2025-03-12T12:16:20Z,PUT,301,8b4e03f0-7e59-4919-b022-b2d5b3dd5baf
2025-03-12T12:16:20Z,GET,200,83ec6287-e5e2-4591-a10e-7a9b602aeed1
2025-03-12T12:16:20Z,GET,200,f23a8b34-6396-409c-a3b5-743f392db907
2025-03-12T12:16:20Z,PUT,200,f4e79d2d-573f-4902-9b95-365345726764
2025-03-12T12:16:20Z,PUT,200,abe8429b-becf-47b6-ad1a-e270aef199b5
2025-03-12T12:16:20Z,GET,201,dcfb4f2c-3f31-43b3-a936-038ef35bbb66
2025-03-12T12:16:20Z,POST,500,5f3d4418-8c7b-442c-895b-d1007b8cf5d9
2025-03-12T12:16:20Z,POST,200,a342333d-51f6-47c0-b99a-7086c4303c04
2025-03-12T12:16:20Z,POST,200,9a2dcde5-896e-435e-a1d7-6b602a194dd8
2025-03-12T12:16:20Z,GET,301,d53ddb91-8bfa-4609-ac2f-3a000c746d55
2025-03-12T12:16:20Z,GET,201,08097e03-c8d7-47fc-b34f-468f155babdb
2025-03-12T12:16:20Z,GET,201,ec020584-9874-4566-be40-e7baff26fd43
2025-03-12T12:16:20Z,PUT,201,9869f980-6da3-42e5-83c0-c8670730aaa8
2025-03-12T12:16:20Z,GET,200,b234b450-9f5f-4c0d-b502-9b12941c2c24
2025-03-12T12:16:20Z,POST,200,aaf8d8cc-ea35-4c7f-a8b7-cad4d177acb1
2025-03-12T12:16:20Z,POST,200,4d014224-f4c5-48aa-95c5-12c94f23672b
2025-03-12T12:16:20Z,GET,201,3cedb0e2-3526-4cad-ae9b-45a3247ed9e8
2025-03-12T12:16:20Z,PUT,301,6430b613-ca2e-4f1e-b926-e9af265d90d0
2025-03-12T12:16:20Z,PUT,201,53ed6b56-5f83-430d-8e85-a9fc5cb28b09
2025-03-12T12:16:20Z,GET,200,adc4a730-0f34-4340-b25c-eb51572390f1
2025-03-12T12:16:20Z,GET,200,3aafa9d7-8aa1-4075-bae8-925dcaab8be4
2025-03-12T12:16:20Z,GET,200,9bde6c23-614a-4ce5-a178-32406f3a4603
2025-03-12T12:16:21Z,PUT,201,4bcb6bc1-dbcf-4516-85cb-1a95e22dbea0
2025-03-12T12:16:21Z,DELETE,200,0578e3ee-1644-45c6-91e0-bb2f1949ba25
2025-03-12T12:16:21Z,GET,201,1b5bf3d8-951d-4329-bfb1-d2514d2759c8
2025-03-12T12:16:21Z,PUT,200,530a8e5d-4af1-4615-9d85-da4523d9036b
2025-03-12T12:16:21Z,POST,201,5869bbcd-3a93-432e-b041-815ed697df4b
2025-03-12T12:16:21Z,POST,200,64af2e69-c9df-4455-a841-fdf35f9a6fea
2025-03-12T12:16:21Z,PUT,201,8037ac29-7031-46a5-97cd-79c1c000689c
2025-03-12T12:16:21Z,POST,201,da2785cc-75e5-481d-930c-881901ffe56a
2025-03-12T12:16:21Z,GET,200,b00f2628-16f2-4e56-b400-86b6dba0942a
2025-03-12T12:16:21Z,POST,201,9a141285-0189-4e86-91b1-a07c5c4c5665
2025-03-12T12:16:21Z,GET,201,3a9d0389-4c8d-4c27-950c-e5716f8d326c
2025-03-12T12:16:21Z,GET,201,ae971099-1237-469d-ac76-f72d3a5fbb5c
2025-03-12T12:16:21Z,GET,201,b8928734-4884-419d-8365-843917a47eff
2025-03-12T12:16:21Z,GET,201,96e885a4-2352-45df-8982-89d502ffc15b
2025-03-12T12:16:21Z,POST,200,a8571771-e329-4346-9347-044c6b54a873
2025-03-12T12:16:21Z,POST,201,4bec228a-d163-4301-9c78-7efff439eab5
2025-03-12T12:16:21Z,POST,201,39ceef4f-0795-43fc-bf58-51b175eddc63
2025-03-12T12:16:21Z,POST,201,449f5f2a-9230-4ce2-969b-0dd1aa016172
2025-03-12T12:16:21Z,GET,201,e8fbc2b8-64cb-4142-bc4e-d90d074b4824
2025-03-12T12:16:21Z,PUT,200,5b42728c-6f84-4fa7-9455-ffd093abdf0a
2025-03-12T12:16:21Z,POST,200,09723083-3693-42fe-b6f5-15c53f730d3a
2025-03-12T12:16:21Z,PUT,200,f2a0c00c-4e08-40c6-b80c-6d12433c56b3
2025-03-12T12:16:21Z,POST,201,8037db88-46f3-45a6-b34f-05b6477f10cc
2025-03-12T12:16:21Z,POST,200,33b45193-1f95-4313-b4f0-068fd327dcf9
2025-03-12T12:16:21Z,GET,201,e32535ce-4543-4ec5-9b23-da23f29a8149
2025-03-12T12:16:21Z,GET,201,9129425b-e3e6-404d-aad7-58d1e0c393c1
2025-03-12T12:16:21Z,GET,201,dd79af69-e96c-4a17-9f72-cda4bb3f88b1
2025-03-12T12:16:21Z,GET,201,c3623bc4-e2f7-4eb6-81d2-adc6decfbbb8
2025-03-12T12:16:21Z,GET,201,742b4f5a-fe4e-4366-a7ee-1943ae8a848a
2025-03-12T12:16:21Z,GET,201,8822fc92-6c0f-42df-8366-70b9ad98511e
2025-03-12T12:16:21Z,PUT,500,8e639b4c-b32f-41ad-810e-bb0bd57c1b0c
2025-03-12T12:16:21Z,PUT,301,2975bbda-ddbc-4019-a033-db677973d4fe
2025-03-12T12:16:21Z,POST,201,b1e0cd50-9288-4032-b3ad-716b6dd0070a
2025-03-12T12:16:21Z,POST,201,b65c22b3-3ea6-4eca-909c-7d67a146b169
2025-03-12T12:16:21Z,POST,201,1cadbd20-6af8-40f9-b948-a9af31e9677d
2025-03-12T12:16:21Z,PUT,200,81371a19-74df-4bee-bdb1-2ecdcb338544
2025-03-12T12:16:21Z,GET,500,86921a7a-4f64-472e-8807-b77293fe4cf9
2025-03-12T12:16:21Z,PUT,200,a58f8c98-0fef-4606-9ef2-3200f94d0229
2025-03-12T12:16:21Z,GET,201,e5d0f0cd-d2b3-4208-b7fd-ec7a5e1405bd
2025-03-12T12:16:21Z,GET,500,4c8dd829-9b7d-4722-9bb0-2b5f242a32fc
2025-03-12T12:16:21Z,POST,201,cb5f481a-565d-43d6-b4d0-fd9543c4dc93
2025-03-12T12:16:21Z,PUT,301,9302db07-016e-46de-8b32-a51318352c34
2025-03-12T12:16:21Z,GET,500,1e927eb1-30a1-44d2-819c-e7542fa8a799
2025-03-12T12:16:21Z,GET,200,2a553499-9026-480f-803d-921c8d1e0bd6
2025-03-12T12:16:21Z,POST,201,529d090f-ca9d-4c6a-a483-3afcddcd88ee
2025-03-12T12:16:21Z,DELETE,201,41da189f-5761-49a1-a195-0ce833bf184c
2025-03-12T12:16:21Z,POST,500,b532e52e-d351-4c9f-80e7-e0ed43eb2be1
2025-03-12T12:16:21Z,POST,201,2cd410f8-85ef-4c6e-a297-8b67b3d2ff3f
2025-03-12T12:16:21Z,POST,200,26797077-1f5c-4535-b05b-1681fea43909
2025-03-12T12:16:21Z,POST,201,6644de08-da0a-4300-9862-3682df90f9b6
2025-03-12T12:16:21Z,PUT,301,0872bb14-7ac4-469c-9ea7-5fdeb44dcb33
2025-03-12T12:16:21Z,GET,201,a650a59f-0cb8-496c-8fd7-8f6b26ed3914
2025-03-12T12:16:21Z,GET,200,33ef19d0-81b5-40c8-921f-fab018347a0c
2025-03-12T12:16:21Z,GET,201,3c838c5a-65eb-4d34-a7fe-4a13d8ce1917
2025-03-12T12:16:21Z,GET,201,b8dc0edd-c89f-4a5a-bcf7-b2baec95c871
2025-03-12T12:16:21Z,GET,500,e8c8cab3-0ad2-4db8-b705-7861534c9447
2025-03-12T12:16:21Z,GET,201,3ba52130-d7a9-467f-8a37-6ef880a6e4c3
2025-03-12T12:16:21Z,POST,200,094411d3-6de7-41f3-9c77-0382d9d522c0
2025-03-12T12:16:21Z,GET,201,6d80234c-5301-49b7-8732-1cd1d33b54a1
2025-03-12T12:16:21Z,GET,201,01389468-67a3-4794-a52b-bace2e20390d
2025-03-12T12:16:21Z,PUT,201,97fece12-425b-4bfe-abec-465b9945ea6b
2025-03-12T12:16:21Z,POST,200,2dedb5da-ed76-4b08-812e-52a6e13b6401
2025-03-12T12:16:21Z,POST,201,583c77e9-6964-4bff-a27b-c46f2d944101
2025-03-12T12:16:21Z,GET,200,4c37707e-9c15-489c-beb2-cb9817198644
2025-03-12T12:16:21Z,POST,500,603ed46b-2153-4758-a86e-c0dfc64b6409
2025-03-12T12:16:21Z,GET,201,656432cd-c602-4730-bf64-ad035ebdeedd
2025-03-12T12:16:21Z,POST,201,ef956a5d-4af1-4ac3-a0c0-eb61c38df424
2025-03-12T12:16:21Z,PUT,200,51866bb8-b137-46fc-88ef-968d58e7275a
2025-03-12T12:16:21Z,GET,201,90bf4995-bebe-4957-b1f9-6071c61309d3
2025-03-12T12:16:21Z,GET,200,1b0f3442-8ace-4bff-a30c-ae84602260a8
2025-03-12T12:16:21Z,POST,200,a4af1993-c085-4931-90e9-47c5e751f3a6
2025-03-12T12:16:21Z,PUT,201,79e75d7e-c38f-46f9-9186-453fea0ad2db
2025-03-12T12:16:21Z,GET,200,9ea1a56a-8918-4bc6-b606-9315eb7c5631
2025-03-12T12:16:21Z,POST,301,39ebdeca-3118-49ec-91ba-61a1cfac58e5
2025-03-12T12:16:21Z,GET,200,bc191ad6-c9c7-4cc6-9500-2cc5cc1e1147
2025-03-12T12:16:21Z,PUT,200,2675c75b-c34a-478a-be36-674cd9fb7933
2025-03-12T12:16:21Z,POST,301,a8dd63a4-5631-4021-82e6-690308867cc6
2025-03-12T12:16:21Z,GET,200,88b76f92-8022-4c8d-b4a5-a3f153bd4fe2
2025-03-12T12:16:21Z,POST,200,4de61b04-6dbd-44e5-b5bb-091e598e7990
2025-03-12T12:16:21Z,GET,201,41d4e1a3-75c0-409a-b475-0a52764bb406
2025-03-12T12:16:21Z,PUT,200,110454d7-7784-43ce-bf90-5462f3ba64cb
2025-03-12T12:16:21Z,GET,301,60ab7e1c-c4b5-410e-86ed-ed3e6de96f4a
2025-03-12T12:16:21Z,POST,201,b4d55210-8598-442a-bdc3-5869d57a683b
2025-03-12T12:16:21Z,GET,200,ca9592da-2e39-4a80-9e08-bbfedbb5bc1f
2025-03-12T12:16:21Z,DELETE,201,e65d17ec-6df7-48af-bfe3-7dc5f85e4394
2025-03-12T12:16:21Z,POST,200,8c516031-0e87-4a50-a809-967a8658b425
2025-03-12T12:16:21Z,PUT,200,ea53587f-977f-4774-b97c-9f7c6e20e3c4
2025-03-12T12:16:21Z,POST,200,7044785c-368f-4e3d-af04-b73d183f41a6
2025-03-12T12:16:21Z,POST,201,b2a69d82-c1ca-45fa-88fa-b70e9c341b77
2025-03-12T12:16:21Z,PUT,201,4172db47-6fe9-4854-843b-911bb34892fb
2025-03-12T12:16:21Z,POST,201,1750b9c3-a98e-4e8c-8524-7f95475370ca
2025-03-12T12:16:21Z,GET,200,bc7e18b6-1782-4fef-9c3d-dc6f80bfef3d
2025-03-12T12:16:21Z,GET,201,a93f0169-50c3-4915-8eb7-c58dca2eb1b9
2025-03-12T12:16:21Z,PUT,201,ed757e1c-b91e-4ce6-84c4-cac293b918cd
2025-03-12T12:16:21Z,GET,200,a2fe5b13-d3b4-47fa-880e-fcc1e0448811
2025-03-12T12:16:21Z,POST,200,3492dbdd-88f2-4a7e-a822-22cdefba3a4f
2025-03-12T12:16:21Z,PUT,201,545d9d90-5bb7-4bbe-a417-aa4ecd609186
2025-03-12T12:16:21Z,PUT,301,37734ae0-a5db-4c16-9388-953e917bb10c
2025-03-12T12:16:21Z,GET,201,75d7bf7a-3516-4eaa-af9f-edc70ded3dd8
2025-03-12T12:16:21Z,POST,200,8deec29c-9eaa-4958-b83b-6904a17dcb6d
2025-03-12T12:16:21Z,PUT,201,98334027-7d44-40e8-8a80-b279bcc2f339
2025-03-12T12:16:21Z,POST,200,5b68df4d-3a35-4b79-b76f-9041cb0ef84e
2025-03-12T12:16:21Z,POST,201,547734e2-8bca-4e50-b164-7c7dc991c6ae
2025-03-12T12:16:21Z,GET,200,2515417d-249a-4947-8fd2-12c340641af7
2025-03-12T12:16:21Z,POST,301,980d54a7-0d82-46f1-ba6b-244e45343eb4
2025-03-12T12:16:21Z,DELETE,201,df884088-8045-4406-8f06-c1d14859b7ad
2025-03-12T12:16:21Z,GET,500,d435f2a0-8fa9-415e-964b-d27db83a4f8b
2025-03-12T12:16:21Z,POST,200,a02fcbfb-de88-489f-8f58-6ebb1dbffb54
2025-03-12T12:16:21Z,PUT,201,ae2d6547-89f5-4f44-8777-a5bde33cff9c
2025-03-12T12:16:21Z,GET,201,1fa0db63-d95d-4601-a869-2f927ca1a3eb
2025-03-12T12:16:21Z,PUT,200,420243f0-6dd5-4e5c-a29a-bfd294f2b87f
2025-03-12T12:16:21Z,PUT,201,0cf7f10d-fee0-4b08-9551-924c103cdf36
2025-03-12T12:16:21Z,PUT,200,b8142b35-7e7c-410c-8081-33af32bb55ce
2025-03-12T12:16:21Z,DELETE,201,b35254b0-91c9-4738-8dcc-55f72529d782
2025-03-12T12:16:21Z,POST,201,7da598c0-02ef-4e60-bc7f-424b132825fd
2025-03-12T12:16:21Z,GET,201,e6c76ab1-2f21-40be-bc21-19d8a4ecca16
2025-03-12T12:16:21Z,PUT,200,b7f85748-f2fb-4fa0-87d6-b9f171c8d61b
2025-03-12T12:16:21Z,GET,201,f64ad2e2-9514-4cc7-8189-0ee45c6c6b4c
2025-03-12T12:16:21Z,GET,201,aa7f2ebe-b1ea-4425-8863-40b413e59d07
2025-03-12T12:16:21Z,DELETE,200,824e194c-253a-420b-8560-5d94a5cfb0a5
2025-03-12T12:16:21Z,GET,301,8cb0a49c-1344-4e55-89b1-54a8a88f0529
2025-03-12T12:16:21Z,PUT,200,f656873f-c750-4887-a72a-a4bee5c97c98
2025-03-12T12:16:21Z,PUT,200,7b16d537-a5c6-4a12-b8e7-51b1899e09e8
2025-03-12T12:16:21Z,GET,301,9ea53335-8efd-46fd-b210-a6abf270c329
2025-03-12T12:16:21Z,PUT,201,71594231-d2ef-4714-8c7c-4bafb9c68d62
2025-03-12T12:16:21Z,GET,200,e45d3eb9-301b-4283-810d-047825e49f16
2025-03-12T12:16:21Z,GET,201,91196e0c-a924-4f54-8cef-523aac346386
2025-03-12T12:16:21Z,GET,201,f351c381-ec61-4b9f-8934-bb81e2b67486
2025-03-12T12:16:21Z,GET,201,3ac23d59-43c8-4a8b-b997-c3a995e310e5
2025-03-12T12:16:21Z,GET,201,9df60d99-7b9b-4b85-b2cf-50fe309e992a
2025-03-12T12:16:21Z,POST,500,4c8e3fa2-9c24-42ba-848e-568c47380eee
2025-03-12T12:16:21Z,GET,200,a6f48781-93a2-460d-a5a3-65c6bea1e544
2025-03-12T12:16:21Z,POST,201,b5bf2e5d-127d-485d-aa3d-c4ad139c8fbf
2025-03-12T12:16:21Z,PUT,200,f3c6f394-0e3d-4c85-85a5-9c93c66a1ae6
2025-03-12T12:16:21Z,DELETE,200,54faa5a7-a42c-4625-91b6-f199c0ce213d
2025-03-12T12:16:21Z,GET,200,5289e2cd-7d91-4ea6-bf39-1f1d53f7bedb
2025-03-12T12:16:21Z,POST,201,f30904a9-0746-474b-b41b-2ae0eac85505
2025-03-12T12:16:21Z,PUT,200,89547da8-155e-4e52-8f1c-1b4c6dde5819
2025-03-12T12:16:21Z,GET,201,193f7ab5-cd77-43a4-9d3f-526a065a69e9
2025-03-12T12:16:21Z,PUT,200,efaadaa5-2341-4968-935d-27d8796bfa17
2025-03-12T12:16:21Z,PUT,201,8d3ecbf6-f174-479c-8611-3c37fb2be23c
2025-03-12T12:16:21Z,POST,200,c3084788-c8bb-45c7-86f0-5f134127c3d6
2025-03-12T12:16:21Z,GET,201,2ab07137-d731-4c2e-aa32-602733ec523c
2025-03-12T12:16:21Z,POST,200,8688222b-c283-4f0f-b13a-dd257aad2b9f
2025-03-12T12:16:21Z,GET,200,1075cb86-7df8-4187-bea5-671cb6647b5f
2025-03-12T12:16:21Z,GET,200,312bb1bd-c981-4bad-94b4-6327f961f1bd
2025-03-12T12:16:21Z,POST,200,56846392-c3aa-4378-8467-4eaf3730b527
2025-03-12T12:16:21Z,GET,201,dec30e9b-82f3-4b0e-b4f2-e24de7ea12bc
2025-03-12T12:16:21Z,PUT,301,be2ab6c1-c41e-4efe-b977-852c45e2259b
2025-03-12T12:16:21Z,GET,201,4c8e47d4-4363-48a0-b5d4-db058336a53b
2025-03-12T12:16:21Z,POST,201,c32d0687-7f30-48ca-a4eb-acf5a33946a0
2025-03-12T12:16:21Z,POST,500,6cdf8c83-0619-46fe-a5cd-f09e97249960
2025-03-12T12:16:21Z,PUT,201,ddd3f7a9-5c15-4b0d-bb3c-39d8b7e3dc68
2025-03-12T12:16:21Z,PUT,201,fe3da491-5a17-4164-980c-7c0193d22495
2025-03-12T12:16:21Z,PUT,201,82c668bd-88a3-42a2-9782-bf962f548059
2025-03-12T12:16:21Z,POST,201,46788ec8-6958-47d2-92a2-9028e923a489
2025-03-12T12:16:21Z,GET,200,f5116b88-6e4e-439a-a1a0-fa91262a6ebf
2025-03-12T12:16:21Z,POST,301,977cbfad-4f73-4cac-98dd-d8e718ae7e7e
2025-03-12T12:16:21Z,GET,201,615f6605-3cfd-403e-a091-0b765865814d
2025-03-12T12:16:21Z,GET,301,5595611d-d8ae-49f9-9ea3-1e77d20566ea
2025-03-12T12:16:21Z,PUT,201,85342f10-9c3d-4690-a167-b0fdc864996e
2025-03-12T12:16:21Z,GET,201,1f589fe0-e959-40e6-bd63-2975937f078e
2025-03-12T12:16:21Z,GET,200,c74bc38e-ed63-4741-bd7f-5deb9926b82b
2025-03-12T12:16:21Z,PUT,200,51f9b8ba-afee-4f80-a187-f1d70a4b4517
2025-03-12T12:16:21Z,GET,500,2809a582-23bd-4ab7-8ea0-f43b8cd4de27
2025-03-12T12:16:21Z,GET,201,b2212560-25f7-4e73-a77f-81e19de61e64
2025-03-12T12:16:21Z,PUT,200,f88837c9-e8bd-4d56-a11b-c45b93130c7d
2025-03-12T12:16:21Z,GET,201,9c83f081-79a1-41e1-ac8f-8cf4e421b5e7
2025-03-12T12:16:21Z,GET,201,9598f8f3-f366-489d-80cb-89437c63214b
2025-03-12T12:16:21Z,DELETE,200,ad05fe4f-5f0b-4890-9a1d-74f74f468419
2025-03-12T12:16:21Z,POST,201,e4fc65c9-e00d-4908-a785-4ae2dedddfc2
2025-03-12T12:16:21Z,POST,201,02c3dfd9-60c1-4341-b00f-4270ef9d285d
2025-03-12T12:16:21Z,GET,200,90e9a505-46b6-4846-8809-cc25c1c7f3db
2025-03-12T12:16:21Z,POST,500,0c11cfc3-dc7b-4cd7-993b-9d9f7de18cef
2025-03-12T12:16:21Z,GET,301,5c433aef-36b5-4cfd-b66c-1ea21ee12868
2025-03-12T12:16:21Z,GET,200,02f0d4b1-6011-46f7-8e05-fce70aa2c18d
2025-03-12T12:16:21Z,GET,201,c5d633b2-85dc-4559-a2cd-ef523d0909bd
2025-03-12T12:16:21Z,GET,200,6c9fc906-8b3b-48c4-84a2-39c4f004829a
2025-03-12T12:16:21Z,POST,201,06d98d9b-d368-4fe0-9f16-fcca80c75464
2025-03-12T12:16:21Z,PUT,201,ad2e080d-0416-4d46-a5dc-5fe17ac4929a
2025-03-12T12:16:21Z,GET,200,1d7de5e0-77b3-44a5-b5b8-ced48a6324d4
2025-03-12T12:16:21Z,POST,301,58bfc2a4-48b5-4a4e-89af-83e43c13b9a9
2025-03-12T12:16:21Z,GET,201,d4d2f080-d6c5-4220-89f8-b23c092f012a
2025-03-12T12:16:21Z,GET,200,e27020dd-6926-48cd-8458-8b42dab7d821
2025-03-12T12:16:21Z,DELETE,200,38776e9e-0798-40e3-b35a-10be545c9418
2025-03-12T12:16:21Z,DELETE,200,f9c703ef-0891-4a71-b3b9-18d9eb051ac3
2025-03-12T12:16:21Z,POST,500,65e6fe94-d07c-40ea-9050-be41a5194bee
2025-03-12T12:16:21Z,POST,201,41518a9c-c19c-4876-837e-4b071ce25456
2025-03-12T12:16:21Z,GET,200,9a494de9-a540-413b-bc69-e0b91a1b1d82
2025-03-12T12:16:21Z,POST,500,4beb8a73-ee54-4b10-a081-d20e8e1ac206
2025-03-12T12:16:21Z,POST,301,6f572612-df45-440f-bfd2-ecf82c83f29e
2025-03-12T12:16:21Z,POST,201,3803c6bb-4b27-402c-bb7b-a2b9c5fa6f3d
2025-03-12T12:16:21Z,GET,301,14df16d8-7d87-48bc-9143-a7f6fc1af877
2025-03-12T12:16:21Z,POST,500,c6282f99-081d-427d-9ce9-df628323d4cf
2025-03-12T12:16:21Z,POST,201,450562b8-c993-4199-a1ea-ceb747bafbf6
2025-03-12T12:16:21Z,POST,201,c78fb4d1-281e-4baa-9d49-27193c454e1b
2025-03-12T12:16:21Z,POST,500,f7d8971d-5a70-41c9-8198-9377c5df5c65
2025-03-12T12:16:21Z,PUT,200,39fe8ba4-75a1-4a34-bb03-db38a6f03176
2025-03-12T12:16:21Z,GET,201,cc53b428-ed81-4dfb-ad3b-8286e4bb1014
2025-03-12T12:16:21Z,GET,200,da1375e9-e855-4e00-bb4d-15480ea6221c
2025-03-12T12:16:21Z,POST,301,f0ae8976-3250-4129-a292-f81b5508e5c6
2025-03-12T12:16:21Z,DELETE,201,37dae56b-47d8-44ab-8653-4cdd90231800
2025-03-12T12:16:21Z,GET,301,f22bda4c-ed4f-4c1e-a65d-08b430b5165d
2025-03-12T12:16:21Z,POST,200,174a72d6-fe91-42f7-a192-ab17167b5059
2025-03-12T12:16:21Z,GET,200,16d4dc2c-1365-4d08-a279-d11c56462365
2025-03-12T12:16:21Z,GET,500,1330d29a-db46-4158-8ff5-063697c6fb8f
2025-03-12T12:16:21Z,PUT,200,b74a494e-6962-46fc-ac30-a1a4b971b74a
2025-03-12T12:16:21Z,GET,200,f2811a3d-04d7-4cf1-81ef-cf94c55573a5
2025-03-12T12:16:21Z,POST,200,fe7c4e63-2489-4402-80f1-72cd9ecf5890
2025-03-12T12:16:21Z,POST,200,f9c4604f-67fc-40b5-a4f1-1163be3000c8
2025-03-12T12:16:21Z,GET,301,f83dc2a0-10ab-4eab-b77f-ac25a23ce4dd
2025-03-12T12:16:21Z,GET,201,bb59e81c-3a50-426e-9e84-6764b234ffcb
2025-03-12T12:16:21Z,PUT,201,dbf50ab1-95a4-4ce0-b7d2-ede890c90c74
2025-03-12T12:16:21Z,GET,201,59b899bd-8f98-4b47-a696-2115957a4abd
2025-03-12T12:16:21Z,PUT,500,411e93a2-d58d-4326-b605-1898d6f67356
2025-03-12T12:16:21Z,PUT,200,10fbea97-8ffe-4a34-901d-91a75d3c14fe
2025-03-12T12:16:21Z,POST,200,dbf43742-ad54-4bfb-992b-0a996cc1d158
2025-03-12T12:16:21Z,GET,200,fa8e3ed5-575c-4715-9fee-8eb36d8f37c4
2025-03-12T12:16:21Z,PUT,200,8a9495e8-ac82-494a-bee1-61d89dbcaf8e
2025-03-12T12:16:21Z,GET,200,11bcd315-56a9-46c6-ac7c-1fd97bc0f7c0
2025-03-12T12:16:21Z,POST,201,33b89253-2ef5-47e2-b957-115bd2b80f18
2025-03-12T12:16:21Z,PUT,200,0f365c91-6b37-49e4-9907-d37009c2e5eb
2025-03-12T12:16:21Z,POST,301,a368126d-7ca2-4fde-90a6-c79136938b53
2025-03-12T12:16:21Z,PUT,200,f89a1582-bff6-4d99-a02e-67aa36c94bb1
2025-03-12T12:16:21Z,PUT,200,4d0d84ed-1d11-4c92-bebf-5b3fe790f843
2025-03-12T12:16:21Z,GET,201,3cb66745-ce11-4359-a454-348224c5eea6
2025-03-12T12:16:21Z,GET,500,d2a9342b-cc9a-4f53-a511-2b0acd5d0227
2025-03-12T12:16:21Z,PUT,201,ed16036e-c2bc-4f85-83c1-1a62411ed3c9
2025-03-12T12:16:21Z,GET,201,dec9324b-1e33-4911-84a7-a231402fa2e9
2025-03-12T12:16:21Z,POST,200,892e182f-acf6-4e66-9b82-e70718e8c729
2025-03-12T12:16:21Z,GET,301,3a7e73a7-daed-46df-aa29-6e5517b597b1
2025-03-12T12:16:21Z,POST,201,49fa2e2f-524d-4587-810f-89e981d6e79f
2025-03-12T12:16:21Z,POST,200,79d14fc8-8630-4329-99f4-3970ec8951e7
2025-03-12T12:16:21Z,PUT,201,3811f3c0-5f73-45f7-99ca-5fb221a9f87c
2025-03-12T12:16:21Z,POST,200,e3822ffd-3e65-40cd-891d-87032a144973
2025-03-12T12:16:21Z,POST,201,8d169014-6b11-46ff-9b62-c1b0d70dc34f
2025-03-12T12:16:21Z,POST,201,035b2d0e-5afa-411c-a726-4739000ab0f8
2025-03-12T12:16:21Z,DELETE,201,2e70ae9d-d2a6-423a-b114-56fe0517a01b
2025-03-12T12:16:21Z,POST,201,17c364da-763a-406b-adb8-466dd3eb023b
2025-03-12T12:16:21Z,PUT,201,8e37183d-9a50-486e-b0d7-aa79fc24861f
2025-03-12T12:16:21Z,PUT,201,93cb55ec-c510-4bfa-8e7e-e503c77a95d5
2025-03-12T12:16:21Z,GET,200,5d0cbca3-28dc-4be7-85f7-ec1ab83fc951
2025-03-12T12:16:21Z,POST,200,36234af9-04f8-4e95-a69a-9dd583ae7a1e
2025-03-12T12:16:21Z,DELETE,200,7cfc243c-17e3-46ba-8888-88e5747c5a05
2025-03-12T12:16:21Z,GET,200,68f0b317-7b7f-49d5-94e0-5f0d15570224
2025-03-12T12:16:21Z,GET,200,5b828631-ee61-4096-885e-2cb00fd26af8
2025-03-12T12:16:21Z,POST,200,9e6cbe7f-1fd4-4058-b16a-af2030ba8dbd
2025-03-12T12:16:21Z,PUT,201,9d426161-1fe5-4195-8b5c-191341310467
2025-03-12T12:16:21Z,POST,201,69ca894b-1e82-47de-8454-ab2c2d1c0e9b
2025-03-12T12:16:21Z,DELETE,201,108e4ca4-60e7-441c-bb2d-dc2ce774789f
2025-03-12T12:16:21Z,DELETE,500,60eb61b0-1e64-4eed-9f8d-980436eb5f96
2025-03-12T12:16:21Z,GET,200,e85c3705-ed19-4afa-8030-bcc0314749de
2025-03-12T12:16:21Z,POST,301,fdc75d41-451d-4ef2-884f-befa763b8cbb
2025-03-12T12:16:21Z,GET,200,5d0e24c9-aaf6-405a-9091-d9c40e8ab9a8
2025-03-12T12:16:21Z,POST,200,137ffcfb-1541-4aa4-b924-ee88f05fde62
2025-03-12T12:16:21Z,POST,201,68b0d61c-b0aa-4089-bf8e-36db9befc831
2025-03-12T12:16:21Z,GET,200,dc11cf4d-2405-45ff-82b9-b51da06e084b
2025-03-12T12:16:21Z,PUT,200,ac258f2f-9982-4f5e-9554-ceba7dcf3e99
2025-03-12T12:16:21Z,PUT,201,d6617340-1d83-454a-88ce-6df80b92351a
2025-03-12T12:16:21Z,GET,201,23c462dd-aa74-454d-b4ff-31edce7bbd64
2025-03-12T12:16:21Z,GET,200,405d4831-fe43-4db3-a293-5af0b6442692
2025-03-12T12:16:21Z,GET,200,b5a16042-e829-4118-89af-114f74cdd653
2025-03-12T12:16:21Z,GET,200,c0f538ec-cbdd-419f-b39a-60da134fc62b
2025-03-12T12:16:21Z,GET,200,31494989-ca9d-4398-bd99-9ca9ffff8e80
2025-03-12T12:16:21Z,PUT,200,8e31d914-c0bb-4947-9726-26e3118fb79d
2025-03-12T12:16:21Z,POST,301,1acf4148-f05a-41f2-a172-233cdad100e8
2025-03-12T12:16:21Z,POST,200,8b00681c-9a19-4565-9813-a4437ef66cbf
2025-03-12T12:16:21Z,POST,201,add7e5b2-ee45-4bd4-8c04-bd757293b989
2025-03-12T12:16:21Z,POST,201,ae09e178-93cd-4710-b0f4-dc60c72c0330
2025-03-12T12:16:21Z,PUT,200,8ae5aab8-5144-4c60-a18f-7b1fa22109c7
2025-03-12T12:16:21Z,POST,200,4b7b17f2-90da-4bff-bff8-57cecbb12e18
2025-03-12T12:16:21Z,POST,200,e5559cf7-85bf-42bb-9f47-3f511f9a2b9d
2025-03-12T12:16:21Z,GET,500,93a40ddc-164b-42b8-8647-4fdf5a1ea46d
2025-03-12T12:16:21Z,DELETE,201,f808bb23-a832-43c7-9083-5064e7fc22e4
2025-03-12T12:16:21Z,POST,201,9118e0c1-17cc-4542-937c-6f57df238ada
2025-03-12T12:16:21Z,GET,200,4b8a598b-066a-4300-abf1-f6c24d85b46a
2025-03-12T12:16:21Z,GET,200,a86ce154-c5da-4f5d-bbe0-e8669d83cf4e
2025-03-12T12:16:21Z,GET,301,d610514a-e056-433c-9c78-56465c3e2121
2025-03-12T12:16:21Z,POST,200,5f599354-4249-4770-9098-17547a694dc4
2025-03-12T12:16:21Z,PUT,200,6c12731c-3081-41d3-a204-d32d90dfa93e
2025-03-12T12:16:21Z,GET,201,807fb350-f7d6-4dfe-b36a-945b395d2f5f
2025-03-12T12:16:21Z,PUT,200,d862cc1e-f636-4f90-b611-431e79204a74
2025-03-12T12:16:21Z,PUT,200,bbe5d36c-0f5e-4eaf-bfdf-4764eb58dbed
2025-03-12T12:16:21Z,DELETE,200,aaf56012-afd1-4ffb-bf78-aba0973c02d7
2025-03-12T12:16:21Z,PUT,200,496fe8f0-977f-492e-b2a7-dddb371631a0
2025-03-12T12:16:21Z,POST,301,da1c9c87-9b74-4a93-afab-68843020c6b5
2025-03-12T12:16:21Z,POST,200,4d29870d-e93d-4c28-b0b7-e4849aede065
2025-03-12T12:16:21Z,GET,200,a3dd5c9c-2a1a-4f4e-b77b-e1b79fb2c525
2025-03-12T12:16:21Z,PUT,500,cf50fab1-9e8c-4809-b9d1-4448716448e5
2025-03-12T12:16:21Z,GET,301,2c21b3ae-c4b2-4562-aadb-1e7556e5dc30
2025-03-12T12:16:21Z,POST,201,58c6a628-2b9f-4e39-b921-f9a69afedbdc
2025-03-12T12:16:21Z,POST,200,ab6c9cfd-debc-48a9-9de0-28af2f6adbe4
2025-03-12T12:16:21Z,PUT,201,4ea471d2-a19e-4cf5-b79f-e53c5ed7760a
2025-03-12T12:16:21Z,GET,201,9e4fe523-3f9c-4d14-bc51-2d7a6bbbc0c0
2025-03-12T12:16:21Z,DELETE,200,ad579793-774a-47b8-818c-c95c0b4b5d95
2025-03-12T12:16:21Z,GET,500,ee6e16e5-e7f7-4624-9e84-d034a1b4d699
2025-03-12T12:16:21Z,PUT,201,979e269a-b36f-454b-876d-cd576cf7a004
2025-03-12T12:16:21Z,GET,200,29cdd6fe-7b62-49bd-87f6-08f9d44a9322
2025-03-12T12:16:21Z,GET,200,46ae3907-5694-440b-92a2-f77a8ccc8d0b
2025-03-12T12:16:21Z,DELETE,200,94d536a6-6211-4cce-a31a-1925f242c0d2
2025-03-12T12:16:21Z,POST,201,6a1683bf-9b78-4832-9892-3fe4bbbd808a
2025-03-12T12:16:21Z,POST,200,7c6eb19c-90bb-47b7-92db-e8e9c8ed3b5d
2025-03-12T12:16:21Z,PUT,200,7fe9e688-8c87-4a8f-87d7-f5b72d0df057
2025-03-12T12:16:21Z,GET,200,765cb46c-fc29-41ac-bfc8-8c605813e438
2025-03-12T12:16:21Z,PUT,200,71b913bd-2525-40d7-89e6-5ed0680893f0
2025-03-12T12:16:21Z,GET,201,6317d032-08ab-4b6e-b517-ae9a50b88c72
2025-03-12T12:16:21Z,GET,301,17fea5d3-6039-4370-bf08-af84fdc08bfd
2025-03-12T12:16:21Z,PUT,201,cfabffe0-e562-407d-bf61-e1b0c6258dc3
2025-03-12T12:16:21Z,GET,200,1b8ae76c-7ad9-4645-97fa-1af04c2f9ba8
2025-03-12T12:16:21Z,GET,200,90e4c75f-89ec-4e23-a0db-89b0a4dfc8d9
2025-03-12T12:16:21Z,GET,201,c9d76071-e434-41fd-8b4e-3c00eba1ff89
2025-03-12T12:16:21Z,GET,200,28ae6bb6-ce54-48f5-95f8-a0bd36edfa78
2025-03-12T12:16:21Z,GET,500,e14d0ff6-cde7-4433-a238-fd510c8afdd8
2025-03-12T12:16:21Z,PUT,201,ed2525cf-d345-40e4-8816-5ab463c03856
2025-03-12T12:16:21Z,PUT,200,36c904b4-7411-42f6-80db-71f1beab909f
2025-03-12T12:16:21Z,POST,201,22f145c9-b941-4d02-b145-e7720a8da3f7
2025-03-12T12:16:21Z,POST,200,67e301e6-d598-48d1-bc3b-4ecae6d3acae
2025-03-12T12:16:21Z,POST,201,1ba87645-b3c7-4bb1-a007-f18d4c54aad0
2025-03-12T12:16:21Z,DELETE,201,417d5c9c-8f36-4a42-9345-ffd4a5c4070f
2025-03-12T12:16:21Z,GET,200,ef271cee-6795-4c14-a6d7-739af2e0f6e1
2025-03-12T12:16:21Z,GET,201,e53b6ffb-e95a-48ee-b4a3-757774179dd0
2025-03-12T12:16:21Z,GET,200,010e42ce-67fa-4fa0-8b17-cfa7c0fcb749
2025-03-12T12:16:21Z,POST,200,04cb986c-4ecf-461c-a22c-472fb7be14ff
2025-03-12T12:16:21Z,PUT,201,e81bae2b-3204-40fc-9f26-764da79999ec
2025-03-12T12:16:21Z,GET,201,a1adc76e-f21b-4d75-b333-3d0eee5fbbb4
2025-03-12T12:16:21Z,GET,201,b9d285ba-9288-4051-ba8b-dc1a565d175b
2025-03-12T12:16:21Z,POST,500,52922bba-7b2a-4b47-b295-909dd57623eb
2025-03-12T12:16:21Z,GET,201,c754afec-1c41-400f-a5d6-e2ce0d7e07fd
2025-03-12T12:16:21Z,POST,201,e7d54e7d-0532-4a82-8f45-bd5baef191bd
2025-03-12T12:16:21Z,POST,301,0d428cdc-9c20-4a87-aefe-81dc69862fd7
2025-03-12T12:16:21Z,DELETE,200,c24d4656-d65d-47ca-86df-dd4e52af8ba2
2025-03-12T12:16:21Z,GET,500,bd766e03-9864-46a4-a911-3a3e1450b408
2025-03-12T12:16:21Z,GET,200,cc94c4c6-4691-485c-8815-d7f7ebe9eadf
2025-03-12T12:16:21Z,POST,200,c433059b-537f-4300-90c5-a5cce607e045
2025-03-12T12:16:21Z,GET,200,24023c79-556f-4b06-8dbc-5681c1921d1d
2025-03-12T12:16:21Z,PUT,200,06159507-ceb9-4f74-83b1-501b7931873c
2025-03-12T12:16:21Z,GET,200,d162ab4c-8c6d-41d0-9cfa-89eb2a6bcc67
2025-03-12T12:16:21Z,POST,200,51b1dbc0-b99e-4c82-8759-2b0a9563fde3
2025-03-12T12:16:21Z,POST,201,f68d3bd4-0f46-43f7-982f-8a86cf4e78de
2025-03-12T12:16:21Z,GET,200,189f9ff5-9303-4226-a540-3c80a674e95a
2025-03-12T12:16:21Z,POST,200,b95fa8c6-b65a-40a7-8999-d13c95e4002c
2025-03-12T12:16:21Z,POST,200,e24b9f6e-2ff8-4c87-be41-a380eb1a11fb
2025-03-12T12:16:21Z,GET,201,6694c4e8-1206-4aeb-bd29-2fb2c3a1625b
2025-03-12T12:16:21Z,POST,200,c1536d89-485f-4354-8811-d0c14f5677d6
2025-03-12T12:16:21Z,GET,201,ec9c0b5b-51b0-49ae-b58d-fe06f5fe16aa
2025-03-12T12:16:21Z,GET,201,976daa1e-7e27-4b07-b63e-bf40be4339d2
2025-03-12T12:16:21Z,GET,201,1dd4116c-c538-40ee-bd5b-06573d0094f0
2025-03-12T12:16:21Z,POST,200,3db54f65-e2be-4ccc-9526-c030b8609af9
2025-03-12T12:16:21Z,DELETE,200,aa7c8a43-7d6a-490f-aee1-cb452662876d
2025-03-12T12:16:21Z,GET,201,4fd90963-0414-4dc2-b249-6d948da708a4
2025-03-12T12:16:21Z,PUT,201,6d95fc36-cc34-4937-a19d-2ad4ff46c7a0
2025-03-12T12:16:21Z,POST,200,50cfb421-eb6c-4eae-b711-1bff4b4cfde1
2025-03-12T12:16:21Z,GET,200,f7b6259d-ed04-4695-8ebd-0cc3c6f7aeba
2025-03-12T12:16:21Z,DELETE,200,597bee25-65a7-433e-a083-c76022d3dc19
2025-03-12T12:16:21Z,PUT,200,3ad1a1a2-33db-4814-8af0-1628e7a2f9da
2025-03-12T12:16:21Z,PUT,200,547bc623-7c10-4231-a576-52ad2d52dc4f
2025-03-12T12:16:21Z,PUT,200,12814068-6e8a-41e4-86c5-7076ce675bbb
2025-03-12T12:16:21Z,GET,200,8118121f-6906-411e-9137-5a87a6a91e6c
2025-03-12T12:16:21Z,POST,200,6066ff6a-ec63-48e0-8f96-decfe32e9004
2025-03-12T12:16:21Z,PUT,200,cb81f287-7b79-4794-846a-dd76e15e9f27
2025-03-12T12:16:21Z,DELETE,200,a99905f7-f39c-46b0-84e8-6239067f9fda
2025-03-12T12:16:21Z,POST,500,b3667f9f-2c4d-4733-b11d-519d7684d76f
2025-03-12T12:16:21Z,PUT,201,f2efd041-caff-410b-b3cd-25afb43390c3
2025-03-12T12:16:21Z,POST,200,89dddb80-01a0-4f42-9d8a-cb6b101673d4
2025-03-12T12:16:21Z,GET,200,2b6adad8-0479-4e8b-81bf-b0d3921d6036
2025-03-12T12:16:21Z,GET,200,d87986b3-9264-4b3f-831c-79336ef5f52f
2025-03-12T12:16:21Z,GET,201,a8e6da17-7637-4d5f-882b-32f6def9ff78
2025-03-12T12:16:21Z,GET,200,32dae41c-eee9-4c3b-ba58-cfd2e01c4d9b
2025-03-12T12:16:21Z,PUT,201,dc8fad40-59bd-4c4b-97c0-ba6ca3ceda38
2025-03-12T12:16:21Z,GET,201,1147d1de-4547-40cd-a3d1-933ab989f940
2025-03-12T12:16:21Z,GET,200,42cf24f5-3ee1-4416-ae1a-d2bbc96db6f2
2025-03-12T12:16:21Z,GET,200,cc5660f2-135e-4c49-af82-9b681e9b7527
2025-03-12T12:16:21Z,POST,200,d7d3fa27-b246-41b9-9733-30e49f76128e
2025-03-12T12:16:21Z,PUT,201,b08ac8f4-6b4a-4d71-b81a-39dfd01c8b39
2025-03-12T12:16:21Z,PUT,201,dcb4923d-88a7-421e-9346-b1775c8d0a00
2025-03-12T12:16:21Z,GET,200,9fa276c4-3af6-4255-bb7a-126ab7aaf545
2025-03-12T12:16:21Z,PUT,200,50403278-433e-4b7d-b41f-8ebcc3dbc606
2025-03-12T12:16:21Z,PUT,201,366c072f-90e6-444f-8138-7231cdc17e64
2025-03-12T12:16:21Z,GET,200,ab6e527c-330e-45f7-ad3a-26f136d08416
2025-03-12T12:16:21Z,GET,201,e50fc737-082d-4602-a20d-27b4dc58aaa0
2025-03-12T12:16:21Z,GET,200,e6cd9add-f857-42ed-b618-0dbeb1292866
2025-03-12T12:16:21Z,POST,200,c2710095-6ffd-45e2-9007-cd263813dc41
2025-03-12T12:16:21Z,POST,200,e46af3ae-8ff3-408b-8617-82c9324c17ce
2025-03-12T12:16:21Z,DELETE,200,138f5c38-c87d-4bf3-b8dd-88bfbef3898a
2025-03-12T12:16:21Z,POST,201,a3fac399-a125-4e3c-b085-316c5528ece6
2025-03-12T12:16:21Z,POST,200,109f1548-5c72-4645-88f7-fe1bf010f7db
2025-03-12T12:16:21Z,GET,500,f0b34dc3-570d-4277-8901-8fee9c91a292
2025-03-12T12:16:21Z,GET,200,efd00356-c87a-4684-81de-58a30140c3c1
2025-03-12T12:16:21Z,POST,200,32125323-1a2c-44f6-863a-7c8663ff0e16
2025-03-12T12:16:21Z,GET,201,3b243d7b-eb19-48a4-b959-05b273031792
2025-03-12T12:16:21Z,GET,200,04d8bdea-db9c-4538-b796-545c0393fdbd
2025-03-12T12:16:21Z,GET,301,d98f44cf-d08d-4dc5-8f84-19f7ef62137d
2025-03-12T12:16:21Z,GET,201,9fe2d8d3-3639-4205-97eb-927d49f42d90
2025-03-12T12:16:21Z,DELETE,200,b04da402-6f33-4ac0-a171-94bca3aaf085
2025-03-12T12:16:21Z,GET,201,2bd1b0d9-223d-4df4-b86b-267fb414fa31
2025-03-12T12:16:21Z,GET,200,5dd5afb3-003b-4019-a639-ef6befe42b06
2025-03-12T12:16:21Z,GET,200,92d170ed-0363-4b53-a70a-97f7b602c7c1
2025-03-12T12:16:21Z,POST,301,85b1f823-785b-4cad-8ef4-eb887fcfa5bf
2025-03-12T12:16:21Z,PUT,200,d23b7c16-e1e6-43da-91cf-df9afc310767
2025-03-12T12:16:21Z,POST,200,73ed2e51-c9a0-46cb-8507-c120a77713ee
2025-03-12T12:16:21Z,POST,201,6c785754-fbfc-4453-95ab-af3750e14464
2025-03-12T12:16:21Z,DELETE,200,69ec853c-0d5d-46e1-a190-2dbf0b4b69dd
2025-03-12T12:16:21Z,GET,201,0e38fee8-97dd-44b3-84eb-fbdaf56c35a5
2025-03-12T12:16:21Z,GET,201,0c0524be-0b33-4104-b2da-d4d2f10fa5e0
2025-03-12T12:16:21Z,POST,200,a265da97-807a-4939-97a1-7db6b9bfc723
2025-03-12T12:16:21Z,GET,200,3251d59d-be30-4442-a504-f0d725d744c7
2025-03-12T12:16:21Z,POST,500,1431ab47-6a5b-4126-8952-049af132fc92
2025-03-12T12:16:21Z,GET,200,1f2a69b9-501b-4178-8b2e-ec2722a35328
2025-03-12T12:16:21Z,POST,500,5e14ff34-8bea-4090-bf17-55bc66cc5c29
2025-03-12T12:16:21Z,POST,200,418f24d4-f710-4cd6-8a57-6e66dd7057a7
2025-03-12T12:16:21Z,PUT,201,8f8afd56-5cc4-4a21-ab71-d074aae9d640
2025-03-12T12:16:21Z,GET,201,e6c2f777-6754-4c97-90c0-a28385a85d47
2025-03-12T12:16:21Z,GET,500,bfac8a81-07e4-4d9a-b562-5206cc29e948
2025-03-12T12:16:21Z,GET,500,0db694ec-52ea-4caf-a1d5-9e6e43dc7e1b
2025-03-12T12:16:21Z,POST,301,96bc16f0-b9d6-4380-b547-d154c4aff696
2025-03-12T12:16:21Z,PUT,301,3f09ec7f-fada-4351-87d6-f32b71538035
2025-03-12T12:16:21Z,GET,500,51e13c90-9e3d-4770-8279-1ac958867aea
2025-03-12T12:16:21Z,GET,200,082f87dc-c782-4e90-b4ef-6f9e47ae1df0
2025-03-12T12:16:21Z,POST,200,6ec0b9c7-75fa-4cbb-a84d-08c1062d1f61
2025-03-12T12:16:21Z,GET,201,9973a1fa-a4c8-4d57-9161-c0cf93d6537b
2025-03-12T12:16:21Z,GET,200,b7329f59-7c78-4f69-b1ba-43b140e7813e
2025-03-12T12:16:21Z,GET,200,96af293e-1380-4425-b385-67d9cb9bb4ae
2025-03-12T12:16:22Z,POST,201,49e155c1-f076-4318-8597-e2ddb10218cd
2025-03-12T12:16:22Z,POST,201,e2183c76-a197-4203-b7cb-b21466329aef
2025-03-12T12:16:22Z,GET,201,20f5cf6f-ccbd-4a1b-9205-4424bb458a85
2025-03-12T12:16:22Z,GET,200,ede8cf81-73b3-46b2-8701-9713d847c045
2025-03-12T12:16:22Z,GET,200,2579afb5-4c78-4ddb-bc28-219d0ae54650
2025-03-12T12:16:22Z,POST,201,c6c6e623-c444-4214-875d-20d681a0f610
2025-03-12T12:16:22Z,POST,301,9ecf2241-1641-4760-9045-4c7ab44df069
2025-03-12T12:16:22Z,GET,201,c444ddc8-f927-4a6f-8ab8-16c53f797cfe
2025-03-12T12:16:22Z,POST,201,f09cbf42-9999-4dfa-a4e3-e2c4ae932ec4
2025-03-12T12:16:22Z,PUT,201,479f9bf4-6de1-40b9-86eb-eb8310a74209
2025-03-12T12:16:22Z,PUT,201,5800056f-3608-4ecc-bef6-3dbdd0bcf557
2025-03-12T12:16:22Z,POST,201,22b43c4d-7b3d-49d3-9291-288cc628d540
2025-03-12T12:16:22Z,GET,500,605fd235-d7bf-4465-933f-40a5a6c6b72f
2025-03-12T12:16:22Z,GET,201,97959bdc-d0ef-44e7-9097-ca3d5ff27bdf
2025-03-12T12:16:22Z,POST,301,46bbb949-7baf-4193-84a5-44c2383620d7
2025-03-12T12:16:22Z,POST,200,132e183f-57f0-46b2-b0f5-cdad0c508731
2025-03-12T12:16:22Z,POST,500,cf055f04-932c-465e-9fda-a8de4d599c5b
2025-03-12T12:16:22Z,POST,500,c0df9866-9f08-4f29-8984-88fa4868f71c
2025-03-12T12:16:22Z,GET,200,c8987e14-e556-42e5-9a89-4647bb21e77f
2025-03-12T12:16:22Z,POST,201,85ce7db0-67c6-444f-9ec1-250dc0b1a4f3
2025-03-12T12:16:22Z,POST,200,fcf199a1-5d9a-4c35-aa4e-3c43f861d354
2025-03-12T12:16:22Z,POST,200,c4135a60-c115-4408-b344-bd60abb7830b
2025-03-12T12:16:22Z,PUT,200,bf855c42-aa23-4d2a-817c-acbfdd8d0693
2025-03-12T12:16:22Z,PUT,200,39c5256b-0245-4687-9a84-6b80d42c0433
2025-03-12T12:16:22Z,GET,200,a679a5eb-8f86-42d0-bd02-f3eb8180cbd4
2025-03-12T12:16:22Z,GET,500,518fb67a-a54c-4625-875f-0114a23a3e54
2025-03-12T12:16:22Z,PUT,200,92b9e13c-8683-4dcb-99ab-fb50f62da242
2025-03-12T12:16:22Z,GET,200,97c9cb78-ba5a-4c4c-afdc-ea585e51947d
2025-03-12T12:16:22Z,POST,200,9d18d12b-b567-4994-9dc4-310913dcd354
2025-03-12T12:16:22Z,POST,201,31a2355a-e649-4a6c-9116-f6dca29d3aac
2025-03-12T12:16:22Z,PUT,201,3f08443c-8525-473e-9e20-925413a1e020
2025-03-12T12:16:22Z,GET,201,174a0b75-c7b0-4679-93a1-d23ee6838f40
2025-03-12T12:16:22Z,GET,200,bf593a6c-b5a4-4ef9-842e-7202e8192e07
2025-03-12T12:16:22Z,DELETE,201,dd9fa5de-22d3-4fa3-ae0c-43d94383f3c6
2025-03-12T12:16:22Z,GET,200,b51a41f5-2909-4ad1-9ed9-aa18ea97b4da
2025-03-12T12:16:22Z,PUT,201,72603452-ad14-4b2f-af45-4a0770d0dba0
2025-03-12T12:16:22Z,GET,201,60b5a2d8-88ec-49c4-9421-d0fba2f57818
2025-03-12T12:16:22Z,POST,200,67156e04-c021-4eec-9804-9b6e6c68a2aa
2025-03-12T12:16:22Z,GET,200,6ed1be00-2502-410c-b387-2f1e3e129e48
2025-03-12T12:16:22Z,DELETE,201,ea44c9df-eb46-46ad-9a06-34d5a7ba2b64
2025-03-12T12:16:22Z,GET,200,4183df8e-72d0-471b-8b36-d89b64264c9b
2025-03-12T12:16:22Z,POST,201,9e7ae455-b624-415c-87d8-a78fc7be1df0
2025-03-12T12:16:22Z,PUT,201,ad4a2fcc-822f-4a08-b104-6b733224345a
2025-03-12T12:16:22Z,POST,201,43ab6801-0eac-481e-9b3c-27cdec3b28d1
2025-03-12T12:16:22Z,PUT,200,760544b8-86cb-4023-b068-e12e647a7c2d
2025-03-12T12:16:22Z,POST,500,a2f0d38a-111c-4652-8f86-4e45cfc985cb
2025-03-12T12:16:22Z,POST,201,8e510d57-f588-4d11-bd3d-18859cab28fa
2025-03-12T12:16:22Z,GET,200,1b4ad4ff-958a-405e-bd91-c4e7df3aec3e
2025-03-12T12:16:22Z,PUT,201,0fb7ccf4-8607-4da7-99fb-0d18183d3a25
2025-03-12T12:16:22Z,DELETE,200,9809635e-aaaf-43f8-9193-71a550db9efa
2025-03-12T12:16:22Z,PUT,301,54f2ab3e-e7e7-4890-ad1b-fdcb4ae659b6
2025-03-12T12:16:22Z,GET,200,b9a27122-af99-4c4c-aaae-3eddbc38e97d
2025-03-12T12:16:22Z,PUT,200,408285eb-4fb9-4564-a261-23157b17ea0a
2025-03-12T12:16:22Z,PUT,500,cafbfb6b-c8fc-4ee0-8123-92fd174e34c5
2025-03-12T12:16:22Z,GET,201,a0ed1706-a99a-48de-928f-97a7c38b9b3f
2025-03-12T12:16:22Z,POST,200,2b1c7095-f5ad-4710-8f40-a1425a1c1fa3
2025-03-12T12:16:22Z,GET,200,930212c4-17ed-4de5-a181-ee92f0201db5
2025-03-12T12:16:22Z,GET,301,4849b76c-e20d-4ebb-a437-19867bc3336c
2025-03-12T12:16:22Z,GET,200,feefda14-005d-41bb-9e1b-615964cd1834
2025-03-12T12:16:22Z,PUT,201,6bec9d54-780d-488d-95a2-23a80b6dea85
2025-03-12T12:16:22Z,PUT,201,79c44b5d-62be-48a4-8605-81611fd486ea
2025-03-12T12:16:22Z,POST,201,957a376c-750c-48e4-a397-8e289bf0d443
2025-03-12T12:16:22Z,GET,200,ab186e1c-045c-472f-b37f-67c9ea65af85
2025-03-12T12:16:22Z,POST,301,50279426-3bf8-46ef-9a77-b398c9c361a2
2025-03-12T12:16:22Z,GET,201,82991a25-1e27-4249-8f1a-9620467bc6e7
2025-03-12T12:16:22Z,PUT,201,b30cebd6-e1b6-4429-86c9-321c1872905b
2025-03-12T12:16:22Z,POST,201,812c5d1a-0426-440e-a498-623ea1f58065
2025-03-12T12:16:22Z,GET,301,6cf89c95-f504-417b-ad90-53ee73440ab3
2025-03-12T12:16:22Z,GET,200,9056753c-8314-4ef7-b48b-bcda8351c56a
2025-03-12T12:16:22Z,GET,201,8793271b-2d80-41ca-9365-e8ced94848fe
2025-03-12T12:16:22Z,POST,201,70314880-c522-48db-9917-30297227d161
2025-03-12T12:16:22Z,GET,201,489dd44b-9b08-448e-b860-505fda717a21
2025-03-12T12:16:22Z,GET,301,a40e5f99-a28e-4a6e-b39e-74cd447e69e7
2025-03-12T12:16:22Z,PUT,200,8066cbd8-90fa-4e2c-bfa5-29618780ab6b
2025-03-12T12:16:22Z,GET,200,49a132a4-298b-4f17-981c-ada602b778b0
2025-03-12T12:16:22Z,GET,200,011cb7c6-8886-406e-8993-f1e1f85ff395
2025-03-12T12:16:22Z,GET,200,d6adb8b9-c58c-4a53-8ed8-20d515804d06
2025-03-12T12:16:22Z,POST,301,14b860d9-f54b-4800-85f4-7d65f3ab58e1
2025-03-12T12:16:22Z,GET,201,06f3002f-b9e7-4591-9f54-cef82e6b4745
2025-03-12T12:16:22Z,PUT,200,fa08876b-8327-4534-bb0a-900cc8cf108f
2025-03-12T12:16:22Z,PUT,201,91451b47-41a1-4b00-a2a3-8668b202efe0
2025-03-12T12:16:22Z,PUT,200,19b3295e-16ad-4b33-b254-81779cd15e61
2025-03-12T12:16:22Z,PUT,201,b97fe38c-9f96-406d-b42c-cfe94130bc4b
2025-03-12T12:16:22Z,POST,301,fd89581d-e7cc-4875-acef-5aec78f96695
2025-03-12T12:16:22Z,POST,500,9dd0312e-381e-499d-ad40-f578511cbd71
2025-03-12T12:16:22Z,PUT,201,7307ea3c-9959-4fa9-8077-72c63fda7fe5
2025-03-12T12:16:22Z,POST,200,e5848cdc-d99d-4d5b-a03e-78e45eaf69b3
2025-03-12T12:16:22Z,PUT,200,a7dcd207-a986-46b8-a80c-106e3dfdaec5
2025-03-12T12:16:22Z,POST,200,797484d6-f5b0-4590-b888-694582a48e26
2025-03-12T12:16:22Z,POST,201,0c6310a8-ead7-4e53-8f34-c6c5228b84c5
2025-03-12T12:16:22Z,GET,201,19df71d5-de62-453a-aa41-5429f9070310
2025-03-12T12:16:22Z,POST,200,96912c38-8669-4600-9bac-ddc5f2d95a06
2025-03-12T12:16:22Z,GET,200,4f8b1fa2-aa2f-48dd-ba69-81711ffdb32d
2025-03-12T12:16:22Z,GET,200,2b37087e-4a0b-4946-907b-eb1796d9978b
2025-03-12T12:16:22Z,POST,200,00a09c12-ae24-458d-ba4f-dbe20871f40f
2025-03-12T12:16:22Z,PUT,200,358a86d2-974e-40bb-b6cb-d3c56a622afc
2025-03-12T12:16:22Z,PUT,200,ef1e4270-f06c-410d-af3d-9a8e0c34eaf8
2025-03-12T12:16:22Z,POST,301,e490ddc8-2411-4656-b69a-1fa18297b535
2025-03-12T12:16:22Z,POST,301,87326047-4deb-4809-9183-09ede73c3e1e
2025-03-12T12:16:22Z,GET,201,cc297581-3191-4614-b916-633a2fe42ba0
2025-03-12T12:16:22Z,POST,200,61705311-9c34-4d2c-a5ed-6413b609e121
2025-03-12T12:16:22Z,GET,201,d4617c6d-dd0d-407f-940f-6110f160ac85
2025-03-12T12:16:22Z,POST,200,7c91be55-67b2-4f9d-9fbb-9feb53acd93e
2025-03-12T12:16:22Z,GET,200,c4cf42d5-cf99-42c0-8666-dc6302106d37
2025-03-12T12:16:22Z,PUT,200,3fe65c0a-c7c7-4e0f-b593-5c6e62001676
2025-03-12T12:16:22Z,GET,200,a845b504-b365-408e-b969-46f776bfed45
2025-03-12T12:16:22Z,PUT,500,acb4acaa-b0c7-4918-9575-65982aa5f96b
2025-03-12T12:16:22Z,POST,200,c9139944-1d93-4b37-9ea7-82234d10faf1
2025-03-12T12:16:22Z,POST,301,4d059378-a5db-4a5e-965d-8d4a4202f065
2025-03-12T12:16:22Z,GET,200,411c8fbc-7dbb-4df9-8447-3e63d93fd818
2025-03-12T12:16:22Z,DELETE,500,063c44ef-15ff-4c3b-9ce4-03f663e3feb5
2025-03-12T12:16:22Z,PUT,500,c8ae4372-6396-452a-8d0b-b677954b1d62
2025-03-12T12:16:22Z,GET,500,659b9fff-f8e7-42d6-b1d7-a7e52a03fd3e
2025-03-12T12:16:22Z,POST,200,a04e6f13-3adf-4404-899a-e99f10511282
2025-03-12T12:16:22Z,POST,201,806b8a50-2bc6-449e-abdd-4cae6a808b4d
2025-03-12T12:16:22Z,POST,200,1f81e8a1-800b-4270-b6fa-f820d5323802
2025-03-12T12:16:22Z,PUT,200,52e3577b-7c40-46c3-8d6e-1fbc00c446db